id,file,url,accessed,type,credibility,recency,bias,independence_group
S01,sources\01-tree-small-02.md,https://polyhaven.com/a/tree_small_02,2026-09-20,publisher-asset,high,2023-asset-live-access,promotional,poly-haven
S02,sources\02-fern-02.md,https://polyhaven.com/a/fern_02,2026-09-20,publisher-asset,high,2022-asset-live-access,promotional,poly-haven
S03,sources\03-grass-medium-01.md,https://polyhaven.com/a/grass_medium_01,2026-09-20,publisher-asset,high,2022-asset-live-access,promotional,poly-haven
S04,sources\04-poly-haven-license.md,https://polyhaven.com/license,2026-09-20,provider-policy,high,live-undated,provider,poly-haven
S05,sources\05-poly-haven-access.md,https://polyhaven.com/about-contact,2026-09-20,provider-policy,high,live-undated,promotional,poly-haven
S06,sources\06-european-black-alder.md,https://www.fab.com/listings/9de7ce19-5813-42d2-a5f0-5e6447006f72,2026-09-20,publisher-partial,high-description-only,live-price-inaccessible,seller,epic-quixel
S07,sources\07-grass-ground.md,https://polyhaven.com/a/grass_ground,2026-09-20,publisher-asset,high,2026-09-18,promotional,poly-haven
S08,sources\08-grass-path-3.md,https://polyhaven.com/a/grass_path_3,2026-09-20,publisher-asset,high,2018-asset-live-access,promotional,poly-haven
S09,sources\09-poly-haven-schema.md,https://api.polyhaven.com/api-docs/swagger.json,2026-09-20,primary-schema,high,live-undated,low,poly-haven
S10,sources\10-volumetric-clouds.md,https://dev.epicgames.com/documentation/en-us/unreal-engine/volumetric-cloud-component-in-unreal-engine?application_version=5.8,2026-09-20,engine-docs,high,rolling-not-patch-test,vendor,epic
S11,sources\11-cloud-material.md,https://dev.epicgames.com/documentation/en-us/unreal-engine/volumetric-cloud-material-in-unreal-engine,2026-09-20,engine-docs,high,rolling-not-patch-test,vendor,epic
S12,sources\12-skylight.md,https://dev.epicgames.com/documentation/en-us/unreal-engine/sky-lights-in-unreal-engine,2026-09-20,engine-docs,high,rolling-not-patch-test,vendor,epic
S13,sources\13-sky-atmosphere.md,https://dev.epicgames.com/documentation/en-us/unreal-engine/sky-atmosphere-component-in-unreal-engine,2026-09-20,engine-docs,high,rolling-not-patch-test,vendor,epic
S14,sources\14-nanite.md,https://dev.epicgames.com/documentation/en-us/unreal-engine/nanite-virtualized-geometry-in-unreal-engine,2026-09-20,engine-docs,high,rolling-not-patch-test,vendor,epic
S15,sources\15-nanite-foliage.md,https://dev.epicgames.com/documentation/en-us/unreal-engine/nanite-foliage,2026-09-20,engine-docs,high,rolling-not-patch-test,showcase,epic
S16,sources\16-virtual-shadow-maps.md,https://dev.epicgames.com/documentation/en-us/unreal-engine/virtual-shadow-maps-in-unreal-engine,2026-09-20,engine-docs,high,rolling-not-patch-test,vendor,epic
S17,sources\17-practitioner-wpo.md,https://forums.unrealengine.com/t/vsm-with-nanite-foliage-wpo/776406/5,2026-09-20,practitioner,moderate,2023-02-23,problem-selection,virtuality
S18,sources\18-ambientcg-license.md,https://docs.ambientcg.com/license/,2026-09-20,provider-policy,high,live-undated,provider,ambientcg
S19,sources\19-fab-summary.md,https://www.fab.com/eula,2026-09-20,official-nonbinding-summary,high-summary-only,live-binding-text-gap,marketplace,epic
S20,sources\20-fab-licenses.md,https://dev.epicgames.com/documentation/en-us/fab/licenses-and-pricing-in-fab,2026-09-20,marketplace-docs,high,live-undated,marketplace,epic
S21,sources\21-quixel-transition.md,https://forums.unrealengine.com/t/quixel-to-fab-transition-faqs/2033839,2026-09-20,historical-announcement,high-historical-only,2024,promotional,epic-quixel
S22,sources\22-megascans-starter.md,https://forums.unrealengine.com/t/megascans-starter-content-on-fab/2255322,2026-09-20,historical-announcement,high-historical-only,2025-01-02,promotional,epic-quixel
S23,sources\23-practitioner-json.md,https://forums.unrealengine.com/t/vsm-with-nanite-foliage-wpo/776406.json,2026-09-20,discussion-mirror,moderate,2023-02-23,problem-selection,virtuality
S24,sources\24-grass-ground-info.md,https://api.polyhaven.com/info/grass_ground,2026-09-20,asset-metadata,high,live-recent-asset,provider,poly-haven
S25,sources\25-grass-ground-files.md,https://api.polyhaven.com/files/grass_ground,2026-09-20,file-manifest,high,live,provider,poly-haven
S26,sources\26-grass-path-info.md,https://api.polyhaven.com/info/grass_path_3,2026-09-20,asset-metadata,high,live-older-asset,provider,poly-haven
S27,sources\27-grass-path-files.md,https://api.polyhaven.com/files/grass_path_3,2026-09-20,file-manifest,high,live,provider,poly-haven
S28,sources\28-fir-sapling.md,https://polyhaven.com/a/fir_sapling,2026-09-20,publisher-asset,high,2023-06-07-live-access,promotional,poly-haven
S29,sources\29-fir-tree-01.md,https://polyhaven.com/a/fir_tree_01,2026-09-20,screened-metadata,no-verbatim-excerpt,live,provider,poly-haven
S30,sources\30-fir-sapling-medium.md,https://polyhaven.com/a/fir_sapling_medium,2026-09-20,screened-metadata,no-verbatim-excerpt,live,provider,poly-haven
