seconds,x,y,distance_cm,input_x,input_y,inward_intent,inward_velocity_cm_s,radial_progress_cm_s,total_speed_cm_s,hit_component,blocking_hit,start_penetrating,hit_distance_cm,blocked_seconds
62.088345,-245.514292,-958.856515,778.126457,0.000000,0.000000,-0.000000,-0.000000,0.000000,0.000000,None,0,0,0.000000,0.000000
62.226227,-245.051980,-964.405764,772.598060,0.051889,-0.622842,0.620470,59.984929,40.094528,60.422910,None,0,0,0.000000,0.000000
62.360466,-243.967578,-977.422114,759.632916,0.051889,-0.622842,0.620313,111.656352,96.583192,112.500000,None,0,0,0.000000,0.000000
62.494469,-242.713175,-992.479028,744.639434,0.051889,-0.622842,0.620122,111.621901,111.888741,112.500000,None,0,0,0.000000,0.000000
62.634445,-241.408881,-1008.134799,729.054681,0.051889,-0.622842,0.619910,111.583802,111.337003,112.500000,None,0,0,0.000000,0.000000
62.775932,-240.084571,-1024.030823,713.236386,0.051889,-0.622842,0.619681,111.542536,111.800107,112.500000,None,0,0,0.000000,0.000000
62.924309,-238.702874,-1040.615674,696.739088,0.051889,-0.622842,0.619425,111.496451,111.184036,112.500000,None,0,0,0.000000,0.000000
63.068710,-237.350879,-1056.844010,680.603257,0.051889,-0.622842,0.619156,111.448076,111.741813,112.500000,None,0,0,0.000000,0.000000
63.219608,-235.943481,-1073.737357,663.813921,0.051889,-0.622842,0.618855,111.393924,111.261922,112.500000,None,0,0,0.000000,0.000000
63.355835,-234.668185,-1089.045054,648.607776,0.051889,-0.622842,0.618562,111.341181,111.623829,112.500000,None,0,0,0.000000,0.000000
63.493786,-233.382748,-1104.474482,633.288257,0.051889,-0.622842,0.618245,111.284128,111.051959,112.500000,None,0,0,0.000000,0.000000
63.631554,-232.092768,-1119.958440,617.922783,0.051889,-0.622842,0.617903,111.222556,111.532973,112.500000,None,0,0,0.000000,0.000000
63.771828,-230.786915,-1135.632911,602.377249,0.051889,-0.622842,0.617530,111.155368,110.824058,112.500000,None,0,0,0.000000,0.000000
63.922127,-229.379144,-1152.530744,585.629377,0.051889,-0.622842,0.617094,111.076861,111.430067,112.500000,None,0,0,0.000000,0.000000
64.058815,-228.104337,-1167.832577,570.473969,0.051889,-0.622842,0.616665,110.999724,110.872919,112.500000,None,0,0,0.000000,0.000000
64.198410,-226.807504,-1183.499058,554.968052,0.051407,-0.622882,0.616272,110.926760,111.076357,112.500000,None,0,0,0.000000,0.000000
64.338745,-225.532254,-1199.217086,539.421257,0.050111,-0.622988,0.615983,110.870807,110.781480,112.500000,None,0,0,0.000000,0.000000
64.476662,-224.317625,-1214.694824,524.121253,0.048231,-0.623136,0.615777,110.829986,110.939529,112.500000,None,0,0,0.000000,0.000000
64.618126,-223.127097,-1230.557878,508.449104,0.045968,-0.623307,0.615600,110.796168,110.787693,112.500000,None,0,0,0.000000,0.000000
64.759789,-221.996597,-1246.475917,492.731041,0.043341,-0.623495,0.615459,110.768987,110.956177,112.500000,None,0,0,0.000000,0.000000
64.906204,-220.905478,-1262.889085,476.532483,0.040455,-0.623689,0.615320,110.743362,110.633873,112.500000,None,0,0,0.000000,0.000000
65.052132,-219.896698,-1279.291671,460.352556,0.037267,-0.623888,0.615207,110.721509,110.877539,112.500000,None,0,0,0.000000,0.000000
65.195816,-218.990364,-1295.413772,444.456907,0.033890,-0.624080,0.615111,110.702446,110.628906,112.500000,None,0,0,0.000000,0.000000
65.336525,-218.187334,-1311.244358,428.855694,0.030399,-0.624260,0.615019,110.684331,110.878414,112.500000,None,0,0,0.000000,0.000000
65.481659,-217.455011,-1327.525099,412.817890,0.026811,-0.624425,0.614892,110.661927,110.502966,112.500000,None,0,0,0.000000,0.000000
65.622826,-216.835151,-1343.428648,397.158306,0.022960,-0.624578,0.614796,110.642328,110.927775,112.500000,None,0,0,0.000000,0.000000
65.760284,-216.329268,-1358.841333,381.987942,0.019032,-0.624710,0.614704,110.623344,110.359936,112.500000,None,0,0,0.000000,0.000000
65.899422,-215.913957,-1374.527642,366.553969,0.015059,-0.624819,0.614566,110.598779,110.929083,112.500000,None,0,0,0.000000,0.000000
66.039246,-215.602658,-1390.214987,351.124543,0.010843,-0.624906,0.614430,110.572870,110.351436,112.500000,None,0,0,0.000000,0.000000
66.176331,-215.402492,-1405.680664,335.918203,0.006438,-0.624967,0.614294,110.546308,110.928053,112.500000,None,0,0,0.000000,0.000000
66.315376,-215.312800,-1421.289567,320.575774,0.001892,-0.624997,0.614122,110.514757,110.337977,112.500000,None,0,0,0.000000,0.000000
66.452072,-215.340076,-1436.699982,305.432728,-0.002915,-0.624993,0.613954,110.482049,110.779732,112.500000,None,0,0,0.000000,0.000000
66.589005,-215.487890,-1452.072439,290.330723,-0.007902,-0.624950,0.613757,110.444885,110.285612,112.500000,None,0,0,0.000000,0.000000
66.729774,-215.772554,-1467.941054,274.744862,-0.013136,-0.624862,0.613492,110.397515,110.720915,112.500000,None,0,0,0.000000,0.000000
66.871414,-216.199364,-1483.837957,259.134360,-0.018836,-0.624716,0.613222,110.346418,110.215011,112.500000,None,0,0,0.000000,0.000000
67.014954,-216.787252,-1499.988763,243.277013,-0.024891,-0.624504,0.612890,110.285247,110.474362,112.500000,None,0,0,0.000000,0.000000
67.166733,-217.582988,-1517.023947,226.554200,-0.031440,-0.624209,0.612426,110.200993,110.177105,112.500000,None,0,0,0.000000,0.000000
67.307930,-218.505686,-1532.920149,210.949882,-0.038830,-0.623793,0.612093,110.132074,110.512559,112.500000,None,0,0,0.000000,0.000000
67.449066,-219.609078,-1548.711556,195.447349,-0.046284,-0.623284,0.611606,110.041323,109.843668,112.500000,None,0,0,0.000000,0.000000
67.590065,-220.916888,-1564.565268,179.881963,-0.054276,-0.622639,0.610998,109.927955,110.396099,112.500000,None,0,0,0.000000,0.000000
67.728661,-222.405506,-1580.058384,164.667811,-0.062981,-0.621819,0.610320,109.797397,109.774812,112.500000,None,0,0,0.000000,0.000000
67.870354,-224.163997,-1595.910260,149.097482,-0.072283,-0.620806,0.609351,109.619656,109.887319,112.500000,None,0,0,0.000000,0.000000
68.063942,-226.943490,-1617.498340,127.901130,-0.082750,-0.619498,0.606607,109.151977,109.489815,112.500000,None,0,0,0.000000,0.000000
68.202148,-229.269356,-1632.903484,112.772206,-0.098627,-0.617169,0.605800,108.928865,109.466642,112.500000,None,0,0,0.000000,0.000000
68.341736,-231.957037,-1648.351761,97.589992,-0.112236,-0.614840,0.603380,108.491738,108.761970,112.500000,None,0,0,0.000000,0.000000
68.482109,-235.046687,-1663.847557,82.361890,-0.127878,-0.611778,0.599733,107.812932,108.481657,112.500000,/Game/SurvivalGame/Maps/Homestead.Homestead:PersistentLevel.HomesteadWorld_2147482375.StaticMeshComponent_2147482339,0,0,9.901811,0.000000
68.617470,-236.004769,-1674.579425,72.570451,-0.146232,-0.607652,0.594560,-0.673441,72.335529,33.863319,/Game/SurvivalGame/Maps/Homestead.Homestead:PersistentLevel.HomesteadWorld_2147482375.StaticMeshComponent_2147482339,0,0,0.110367,0.000000
68.753220,-232.724811,-1676.696548,72.583173,-0.167420,-0.602159,0.590838,-0.148901,-0.093716,27.546044,/Game/SurvivalGame/Maps/Homestead.Homestead:PersistentLevel.HomesteadWorld_2147482375.StaticMeshComponent_2147482339,0,0,0.123085,0.000000
68.890686,-229.876861,-1678.762011,72.583559,-0.193429,-0.594315,0.589811,-0.224114,-0.002805,25.436595,/Game/SurvivalGame/Maps/Homestead.Homestead:PersistentLevel.HomesteadWorld_2147482375.StaticMeshComponent_2147482339,0,0,0.123474,0.000000
69.027039,-227.275234,-1680.848453,72.579712,-0.221553,-0.584414,0.590173,-0.244003,0.028214,24.544179,/Game/SurvivalGame/Maps/Homestead.Homestead:PersistentLevel.HomesteadWorld_2147482375.StaticMeshComponent_2147482339,0,0,0.119621,0.000000
69.164574,-224.814882,-1683.006615,72.580543,-0.249162,-0.573187,0.590705,-0.215804,-0.006042,24.035703,/Game/SurvivalGame/Maps/Homestead.Homestead:PersistentLevel.HomesteadWorld_2147482375.StaticMeshComponent_2147482339,0,0,0.120453,0.000000
69.302536,-222.480229,-1685.246761,72.581871,-0.276013,-0.560751,0.591268,-0.208460,-0.009628,23.670293,/Game/SurvivalGame/Maps/Homestead.Homestead:PersistentLevel.HomesteadWorld_2147482375.StaticMeshComponent_2147482339,0,0,0.121788,0.000000
69.443840,-220.223839,-1687.605940,72.589282,-0.301936,-0.547229,0.591633,-0.176595,-0.052448,23.392295,/Game/SurvivalGame/Maps/Homestead.Homestead:PersistentLevel.HomesteadWorld_2147482375.StaticMeshComponent_2147482339,0,0,0.129181,0.000000
69.583839,-218.120947,-1690.025093,72.586980,-0.327316,-0.532437,0.592204,-0.219019,0.016443,23.135571,/Game/SurvivalGame/Maps/Homestead.Homestead:PersistentLevel.HomesteadWorld_2147482375.StaticMeshComponent_2147482339,0,0,0.126892,0.000000
69.724617,-216.137437,-1692.516001,72.587632,-0.351410,-0.516852,0.592611,-0.200831,-0.004627,22.912902,/Game/SurvivalGame/Maps/Homestead.Homestead:PersistentLevel.HomesteadWorld_2147482375.StaticMeshComponent_2147482339,0,0,0.127525,0.000000
69.860962,-214.348394,-1694.992144,72.576571,-0.374517,-0.500362,0.593270,-0.258369,0.081127,22.681571,/Game/SurvivalGame/Maps/Homestead.Homestead:PersistentLevel.HomesteadWorld_2147482375.StaticMeshComponent_2147482339,0,0,0.116478,0.000000
70.001007,-212.615386,-1697.583520,72.584919,-0.395888,-0.483629,0.593364,-0.156908,-0.059614,22.520193,/Game/SurvivalGame/Maps/Homestead.Homestead:PersistentLevel.HomesteadWorld_2147482375.StaticMeshComponent_2147482339,0,0,0.124840,0.000000
70.138054,-211.050949,-1700.179963,72.578451,-0.416873,-0.465663,0.593840,-0.231048,0.047199,22.351793,/Game/SurvivalGame/Maps/Homestead.Homestead:PersistentLevel.HomesteadWorld_2147482375.StaticMeshComponent_2147482339,0,0,0.118370,0.000000
70.277199,-209.579713,-1702.850429,72.581601,-0.436429,-0.447387,0.594000,-0.176252,-0.022643,22.220908,/Game/SurvivalGame/Maps/Homestead.Homestead:PersistentLevel.HomesteadWorld_2147482375.StaticMeshComponent_2147482339,0,0,0.121498,0.000000
70.416878,-208.220813,-1705.584453,72.584005,-0.455245,-0.428226,0.594175,-0.179610,-0.017210,22.112831,/Game/SurvivalGame/Maps/Homestead.Homestead:PersistentLevel.HomesteadWorld_2147482375.StaticMeshComponent_2147482339,0,0,0.123917,0.000000
70.556488,-206.990656,-1708.351702,72.583150,-0.473191,-0.408307,0.594403,-0.201240,0.006130,22.010406,/Game/SurvivalGame/Maps/Homestead.Homestead:PersistentLevel.HomesteadWorld_2147482375.StaticMeshComponent_2147482339,0,0,0.123062,0.000000
70.694054,-205.896838,-1711.124125,72.578960,-0.490090,-0.387862,0.594668,-0.213442,0.030458,21.907174,/Game/SurvivalGame/Maps/Homestead.Homestead:PersistentLevel.HomesteadWorld_2147482375.StaticMeshComponent_2147482339,0,0,0.118866,0.000000
70.834991,-204.892135,-1713.983773,72.585291,-0.505832,-0.367095,0.594656,-0.156703,-0.044923,21.844222,/Game/SurvivalGame/Maps/Homestead.Homestead:PersistentLevel.HomesteadWorld_2147482375.StaticMeshComponent_2147482339,0,0,0.125191,0.000000
70.973465,-204.031074,-1716.837749,72.581299,-0.520913,-0.345361,0.594897,-0.211269,0.028826,21.768993,/Game/SurvivalGame/Maps/Homestead.Homestead:PersistentLevel.HomesteadWorld_2147482375.StaticMeshComponent_2147482339,0,0,0.121216,0.000000
