frame,seconds,pass,x,y,z,speed,yaw,view_yaw,left_toe_x,left_toe_y,left_toe_z,right_toe_x,right_toe_y,right_toe_z,walk_weight,gait_rate,left_hand_x,left_hand_y,left_hand_z,right_hand_x,right_hand_y,right_hand_z,walk_phase,gather_weight,gather_phase,gather_starts,forage_x,forage_y,water_weight,water_phase,water_starts,tool_visible,tool_x,tool_y,tool_z,can_pitch,water_stock,plot_moisture,tool_scale,tool_radius,plot_weeds,clear_weight,clear_phase,clear_starts,hatchet_visible,hatchet_pitch,hatchet_scale,hatchet_radius,hatchet_x,hatchet_y,hatchet_z,branch_stock,fiber_stock,resource_cleared,energy
0,24.1534,capture-idle,-683.617,779.381,89.116,0.000,161.386,82.509,-693.412,791.005,4.204,-700.249,774.895,4.204,0.0000,0.0000,-683.686,802.327,83.985,-695.020,760.362,83.985,0.9503,0.0000,0.0000,0,0.000,0.000,0.0000,0.0000,0,0,-695.020,760.362,83.985,0.000,0,-1.000000,1.000,28.924,-1.000000,0.0000,0.0000,0,0,0.000,1.000,19.607,-695.020,760.362,83.985,0,0,-1,99.612995
1,24.2927,capture-idle,-683.617,779.381,89.116,0.000,161.386,82.509,-693.412,791.005,4.204,-700.249,774.895,4.204,0.0000,0.0000,-683.708,802.332,83.988,-695.041,760.369,83.988,0.9503,0.0000,0.0000,0,0.000,0.000,0.0000,0.0000,0,0,-695.041,760.369,83.988,0.000,0,-1.000000,1.000,28.924,-1.000000,0.0000,0.0000,0,0,0.000,1.000,19.607,-695.041,760.369,83.988,0,0,-1,99.610769
2,24.4236,capture-idle,-683.617,779.381,89.116,0.000,161.386,82.509,-693.412,791.005,4.204,-700.249,774.895,4.204,0.0000,0.0000,-683.681,802.326,83.984,-695.015,760.361,83.984,0.9503,0.0000,0.0000,0,0.000,0.000,0.0000,0.0000,0,0,-695.015,760.361,83.984,0.000,0,-1.000000,1.000,28.924,-1.000000,0.0000,0.0000,0,0,0.000,1.000,19.607,-695.015,760.361,83.984,0,0,-1,99.608672
3,24.5558,capture-idle,-683.617,779.381,89.116,0.000,161.386,82.509,-693.412,791.005,4.204,-700.249,774.895,4.204,0.0000,0.0000,-683.610,802.310,83.977,-694.946,760.339,83.977,0.9503,0.0000,0.0000,0,0.000,0.000,0.0000,0.0000,0,0,-694.946,760.339,83.977,0.000,0,-1.000000,1.000,28.924,-1.000000,0.0000,0.0000,0,0,0.000,1.000,19.607,-694.946,760.339,83.977,0,0,-1,99.606559
4,24.6889,capture-idle,-683.617,779.381,89.116,0.000,161.386,82.509,-693.412,791.005,4.204,-700.249,774.895,4.204,0.0000,0.0000,-683.554,802.297,83.966,-694.891,760.321,83.966,0.9503,0.0000,0.0000,0,0.000,0.000,0.0000,0.0000,0,0,-694.891,760.321,83.966,0.000,0,-1.000000,1.000,28.924,-1.000000,0.0000,0.0000,0,0,0.000,1.000,19.607,-694.891,760.321,83.966,0,0,-1,99.604427
5,24.8216,capture-idle,-683.617,779.381,89.116,0.000,161.386,82.509,-693.412,791.005,4.204,-700.249,774.895,4.204,0.0000,0.0000,-683.465,802.277,83.952,-694.805,760.294,83.952,0.9503,0.0000,0.0000,0,0.000,0.000,0.0000,0.0000,0,0,-694.805,760.294,83.952,0.000,0,-1.000000,1.000,28.924,-1.000000,0.0000,0.0000,0,0,0.000,1.000,19.607,-694.805,760.294,83.952,0,0,-1,99.602307
6,24.9522,capture-idle,-683.617,779.381,89.116,0.000,161.386,82.509,-693.412,791.005,4.204,-700.249,774.895,4.204,0.0000,0.0000,-683.378,802.258,83.939,-694.720,760.267,83.939,0.9503,0.0000,0.0000,0,0.000,0.000,0.0000,0.0000,0,0,-694.720,760.267,83.939,0.000,0,-1.000000,1.000,28.924,-1.000000,0.0000,0.0000,0,0,0.000,1.000,19.607,-694.720,760.267,83.939,0,0,-1,99.600214
7,25.0850,capture-idle,-683.617,779.381,89.116,0.000,161.386,82.509,-693.412,791.005,4.204,-700.249,774.895,4.204,0.0000,0.0000,-683.289,802.238,83.926,-694.632,760.239,83.926,0.9503,0.0000,0.0000,0,0.000,0.000,0.0000,0.0000,0,0,-694.632,760.239,83.926,0.000,0,-1.000000,1.000,28.924,-1.000000,0.0000,0.0000,0,0,0.000,1.000,19.607,-694.632,760.239,83.926,0,0,-1,99.598092
8,25.2144,capture-idle,-683.617,779.381,89.116,0.000,161.386,82.509,-693.412,791.005,4.204,-700.249,774.895,4.204,0.0000,0.0000,-683.199,802.217,83.914,-694.545,760.212,83.914,0.9503,0.0000,0.0000,0,0.000,0.000,0.0000,0.0000,0,0,-694.545,760.212,83.914,0.000,0,-1.000000,1.000,28.924,-1.000000,0.0000,0.0000,0,0,0.000,1.000,19.607,-694.545,760.212,83.914,0,0,-1,99.596020
9,25.3468,capture-idle,-683.617,779.381,89.116,0.000,161.386,82.509,-693.412,791.005,4.204,-700.249,774.895,4.204,0.0000,0.0000,-683.172,802.211,83.906,-694.517,760.204,83.906,0.9503,0.0000,0.0000,0,0.000,0.000,0.0000,0.0000,0,0,-694.517,760.204,83.906,0.000,0,-1.000000,1.000,28.924,-1.000000,0.0000,0.0000,0,0,0.000,1.000,19.607,-694.517,760.204,83.906,0,0,-1,99.593905
10,25.4798,capture-idle,-683.617,779.381,89.116,0.000,161.386,82.509,-693.412,791.005,4.204,-700.249,774.895,4.204,0.0000,0.0000,-683.153,802.205,83.898,-694.498,760.199,83.898,0.9503,0.0000,0.0000,0,0.000,0.000,0.0000,0.0000,0,0,-694.498,760.199,83.898,0.000,0,-1.000000,1.000,28.924,-1.000000,0.0000,0.0000,0,0,0.000,1.000,19.607,-694.498,760.199,83.898,0,0,-1,99.591772
11,25.6148,capture-idle,-683.617,779.381,89.116,0.000,161.386,82.509,-693.412,791.005,4.204,-700.249,774.895,4.204,0.0000,0.0000,-683.063,802.186,83.895,-694.410,760.170,83.895,0.9503,0.0000,0.0000,0,0.000,0.000,0.0000,0.0000,0,0,-694.410,760.170,83.895,0.000,0,-1.000000,1.000,28.924,-1.000000,0.0000,0.0000,0,0,0.000,1.000,19.607,-694.410,760.170,83.895,0,0,-1,99.589613
12,25.7478,capture-idle,-683.617,779.381,89.116,0.000,161.386,82.509,-693.412,791.005,4.204,-700.249,774.895,4.204,0.0000,0.0000,-683.063,802.186,83.895,-694.410,760.170,83.895,0.9503,0.0000,0.0000,0,0.000,0.000,0.0000,0.0000,0,0,-694.410,760.170,83.895,0.000,0,-1.000000,1.000,28.924,-1.000000,0.0000,0.0000,0,0,0.000,1.000,19.607,-694.410,760.170,83.895,0,0,-1,99.587484
13,25.8808,capture-idle,-683.617,779.381,89.116,0.000,161.386,82.509,-693.412,791.005,4.204,-700.249,774.895,4.204,0.0000,0.0000,-683.046,802.183,83.893,-694.394,760.164,83.893,0.9503,0.0000,0.0000,0,0.000,0.000,0.0000,0.0000,0,0,-694.394,760.164,83.893,0.000,0,-1.000000,1.000,28.924,-1.000000,0.0000,0.0000,0,0,0.000,1.000,19.607,-694.394,760.164,83.893,0,0,-1,99.585356
14,26.0129,capture-idle,-683.617,779.381,89.116,0.000,161.386,82.509,-693.412,791.005,4.204,-700.249,774.895,4.204,0.0000,0.0000,-683.046,802.183,83.893,-694.394,760.164,83.893,0.9503,0.0000,0.0000,0,0.000,0.000,0.0000,0.0000,0,0,-694.394,760.164,83.893,0.000,0,-1.000000,1.000,28.924,-1.000000,0.0000,0.0000,0,0,0.000,1.000,19.607,-694.394,760.164,83.893,0,0,-1,99.583244
15,26.2618,capture-walk,-683.262,782.080,89.181,40.833,126.386,82.509,-696.250,811.366,2.807,-688.760,775.145,2.855,0.5833,0.3403,-670.954,801.413,80.635,-702.698,771.559,80.416,0.9730,0.0000,0.0000,0,0.000,0.000,0.0000,0.0000,0,0,-702.698,771.559,80.416,0.000,0,-1.000000,1.000,28.924,-1.000000,0.0000,0.0000,0,0,0.000,1.000,19.607,-702.698,771.559,80.416,0,0,-1,99.579260
16,26.3957,capture-walk,-682.026,791.477,89.418,87.665,86.244,82.509,-673.168,827.338,4.463,-690.735,777.978,5.810,1.0000,0.7305,-659.781,791.937,78.426,-703.162,802.379,79.307,0.0650,0.0000,0.0000,0,0.000,0.000,0.0000,0.0000,0,0,-703.162,802.379,79.307,0.000,0,-1.000000,1.000,28.924,-1.000000,0.0000,0.0000,0,0,0.000,1.000,19.607,-703.162,802.379,79.307,0,0,-1,99.577119
17,26.5291,capture-walk,-680.462,803.378,89.724,90.000,82.509,82.509,-670.100,826.736,4.763,-689.166,802.928,11.063,1.0000,0.7500,-658.237,796.251,80.702,-699.742,821.066,82.421,0.1651,0.0000,0.0000,0,0.000,0.000,0.0000,0.0000,0,0,-699.742,821.066,82.421,0.000,0,-1.000000,1.000,28.924,-1.000000,0.0000,0.0000,0,0,0.000,1.000,19.607,-699.742,821.066,82.421,0,0,-1,99.574985
18,26.6652,capture-walk,-678.865,815.522,90.049,90.000,82.509,82.509,-669.394,826.508,5.168,-686.317,832.793,13.582,1.0000,0.7500,-656.621,806.799,82.010,-697.840,834.605,83.930,0.2671,0.0000,0.0000,0,0.000,0.000,0.0000,0.0000,0,0,-697.840,834.605,83.930,0.000,0,-1.000000,1.000,28.924,-1.000000,0.0000,0.0000,0,0,0.000,1.000,19.607,-697.840,834.605,83.930,0,0,-1,99.572807
19,26.7986,capture-walk,-677.299,827.428,90.374,90.000,82.509,82.509,-668.540,826.371,5.354,-683.457,861.237,10.024,1.0000,0.7500,-654.896,821.955,80.594,-696.729,843.732,82.137,0.3672,0.0000,0.0000,0,0.000,0.000,0.0000,0.0000,0,0,-696.729,843.732,82.137,0.000,0,-1.000000,1.000,28.924,-1.000000,0.0000,0.0000,0,0,0.000,1.000,19.607,-696.729,843.732,82.137,0,0,-1,99.570673
20,26.9322,capture-walk,-675.732,839.349,90.713,90.000,82.509,82.509,-667.804,826.417,5.680,-681.234,882.765,6.050,1.0000,0.7500,-653.437,840.901,79.380,-696.431,849.211,79.841,0.4674,0.0000,0.0000,0,0.000,0.000,0.0000,0.0000,0,0,-696.431,849.211,79.841,0.000,0,-1.000000,1.000,28.924,-1.000000,0.0000,0.0000,0,0,0.000,1.000,19.607,-696.431,849.211,79.841,0,0,-1,99.568535
21,27.0647,capture-walk,-674.177,851.173,91.050,90.000,82.509,82.509,-666.251,837.233,7.744,-680.169,887.308,6.321,1.0000,0.7500,-652.098,860.618,81.254,-696.139,853.108,80.326,0.5668,0.0000,0.0000,0,0.000,0.000,0.0000,0.0000,0,0,-696.139,853.108,80.326,0.000,0,-1.000000,1.000,28.924,-1.000000,0.0000,0.0000,0,0,0.000,1.000,19.607,-696.139,853.108,80.326,0,0,-1,99.566415
22,27.1998,capture-walk,-672.592,863.228,91.403,90.000,82.509,82.509,-664.140,862.096,12.727,-679.754,887.331,6.302,1.0000,0.7500,-651.198,878.105,84.107,-695.771,859.146,82.284,0.6681,0.0000,0.0000,0,0.000,0.000,0.0000,0.0000,0,0,-695.771,859.146,82.284,0.000,0,-1.000000,1.000,28.924,-1.000000,0.0000,0.0000,0,0,0.000,1.000,19.607,-695.771,859.146,82.284,0,0,-1,99.564253
23,27.3323,capture-walk,-671.038,875.046,91.749,90.000,82.509,82.509,-661.240,891.201,15.275,-678.888,887.223,6.880,1.0000,0.7500,-649.597,891.253,85.728,-694.277,869.423,83.711,0.7674,0.0000,0.0000,0,0.000,0.000,0.0000,0.0000,0,0,-694.277,869.423,83.711,0.000,0,-1.000000,1.000,28.924,-1.000000,0.0000,0.0000,0,0,0.000,1.000,19.607,-694.277,869.423,83.711,0,0,-1,99.562134
24,27.4703,capture-walk,-669.419,887.358,92.114,90.000,82.509,82.509,-658.397,920.407,11.799,-678.101,887.115,7.336,1.0000,0.7500,-647.717,900.529,84.053,-692.149,885.106,82.528,0.8709,0.0000,0.0000,0,0.000,0.000,0.0000,0.0000,0,0,-692.149,885.106,82.528,0.000,0,-1.000000,1.000,28.924,-1.000000,0.0000,0.0000,0,0,0.000,1.000,19.607,-692.149,885.106,82.528,0,0,-1,99.559927
25,27.6058,capture-walk,-667.829,899.445,92.474,90.000,82.509,82.509,-656.042,942.018,7.861,-677.294,887.046,7.486,1.0000,0.7500,-645.723,905.859,81.565,-689.404,904.450,81.176,0.9725,0.0000,0.0000,0,0.000,0.000,0.0000,0.0000,0,0,-689.404,904.450,81.176,0.000,0,-1.000000,1.000,28.924,-1.000000,0.0000,0.0000,0,0,0.000,1.000,19.607,-689.404,904.450,81.176,0,0,-1,99.557759
26,27.7435,capture-walk,-666.213,911.740,92.837,90.000,82.509,82.509,-655.182,945.673,7.938,-675.767,899.814,9.742,1.0000,0.7500,-644.028,909.912,82.065,-686.508,924.730,83.057,0.0759,0.0000,0.0000,0,0.000,0.000,0.0000,0.0000,0,0,-686.508,924.730,83.057,0.000,0,-1.000000,1.000,28.924,-1.000000,0.0000,0.0000,0,0,0.000,1.000,19.607,-686.508,924.730,83.057,0,0,-1,99.555555
27,27.8751,capture-walk,-664.669,923.478,93.185,90.000,82.509,82.509,-654.374,945.698,8.172,-673.258,924.593,14.834,1.0000,0.7500,-642.436,916.020,84.300,-683.881,941.439,86.054,0.1745,0.0000,0.0000,0,0.000,0.000,0.0000,0.0000,0,0,-683.881,941.439,86.054,0.000,0,-1.000000,1.000,28.924,-1.000000,0.0000,0.0000,0,0,0.000,1.000,19.607,-683.881,941.439,86.054,0,0,-1,99.553450
28,28.0107,capture-walk,-663.078,935.582,93.534,90.000,82.509,82.509,-653.665,945.508,8.683,-670.410,954.435,16.938,1.0000,0.7500,-640.808,926.981,85.472,-682.061,954.568,87.379,0.2762,0.0000,0.0000,0,0.000,0.000,0.0000,0.0000,0,0,-682.061,954.568,87.379,0.000,0,-1.000000,1.000,28.924,-1.000000,0.0000,0.0000,0,0,0.000,1.000,19.607,-682.061,954.568,87.379,0,0,-1,99.551280
29,28.1426,capture-walk,-661.529,947.358,93.872,90.000,82.509,82.509,-652.774,945.390,8.955,-667.561,982.177,13.184,1.0000,0.7500,-639.089,942.312,84.039,-681.008,963.240,85.513,0.3752,0.0000,0.0000,0,0.000,0.000,0.0000,0.0000,0,0,-681.008,963.240,85.513,0.000,0,-1.000000,1.000,28.924,-1.000000,0.0000,0.0000,0,0,0.000,1.000,19.607,-681.008,963.240,85.513,0,0,-1,99.549168
30,28.2749,capture-walk,-659.978,959.154,94.203,90.000,82.509,82.509,-652.073,945.346,9.202,-665.429,1002.769,9.430,1.0000,0.7500,-637.641,961.275,82.889,-680.730,968.454,83.252,0.4744,0.0000,0.0000,0,0.000,0.000,0.0000,0.0000,0,0,-680.730,968.454,83.252,0.000,0,-1.000000,1.000,28.924,-1.000000,0.0000,0.0000,0,0,0.000,1.000,19.607,-680.730,968.454,83.252,0,0,-1,99.547053
31,28.4062,capture-walk,-658.437,970.874,94.521,90.000,82.509,82.509,-650.556,957.540,11.373,-664.564,1006.292,9.696,1.0000,0.7500,-636.459,980.703,84.805,-680.553,972.367,83.813,0.5729,0.0000,0.0000,0,0.000,0.000,0.0000,0.0000,0,0,-680.553,972.367,83.813,0.000,0,-1.000000,1.000,28.924,-1.000000,0.0000,0.0000,0,0,0.000,1.000,19.607,-680.553,972.367,83.813,0,0,-1,99.544952
32,28.5391,capture-walk,-656.879,982.724,94.832,90.000,82.509,82.509,-648.353,982.336,16.273,-664.065,1006.282,9.667,1.0000,0.7500,-635.477,997.729,87.582,-680.064,978.501,85.738,0.6725,0.0000,0.0000,0,0.000,0.000,0.0000,0.0000,0,0,-680.064,978.501,85.738,0.000,0,-1.000000,1.000,28.924,-1.000000,0.0000,0.0000,0,0,0.000,1.000,19.607,-680.064,978.501,85.738,0,0,-1,99.542827
33,28.6706,capture-walk,-655.334,994.474,95.129,90.000,82.509,82.509,-645.493,1011.294,18.594,-663.220,1006.210,10.269,1.0000,0.7500,-633.896,1010.645,89.094,-678.572,988.898,87.081,0.7712,0.0000,0.0000,0,0.000,0.000,0.0000,0.0000,0,0,-678.572,988.898,87.081,0.000,0,-1.000000,1.000,28.924,-1.000000,0.0000,0.0000,0,0,0.000,1.000,19.607,-678.572,988.898,87.081,0,0,-1,99.540720
34,28.8025,capture-walk,-653.786,1006.243,95.420,90.000,82.509,82.509,-642.769,1039.185,15.172,-662.459,1006.091,10.669,1.0000,0.7500,-632.083,1019.453,87.407,-676.519,1003.948,85.877,0.8702,0.0000,0.0000,0,0.000,0.000,0.0000,0.0000,0,0,-676.519,1003.948,85.877,0.000,0,-1.000000,1.000,28.924,-1.000000,0.0000,0.0000,0,0,0.000,1.000,19.607,-676.519,1003.948,85.877,0,0,-1,99.538610
35,28.9345,capture-walk,-652.238,1018.019,95.708,90.000,82.509,82.509,-640.434,1060.474,11.140,-661.649,1006.021,10.706,1.0000,0.7500,-630.118,1024.701,84.836,-673.830,1022.760,84.401,0.9691,0.0000,0.0000,0,0.000,0.000,0.0000,0.0000,0,0,-673.830,1022.760,84.401,0.000,0,-1.000000,1.000,28.924,-1.000000,0.0000,0.0000,0,0,0.000,1.000,19.607,-673.830,1022.760,84.401,0,0,-1,99.536498
36,29.0669,capture-walk,-650.684,1029.837,95.994,90.000,82.509,82.509,-639.540,1064.641,11.038,-660.239,1017.227,12.519,1.0000,0.7500,-628.458,1028.583,85.047,-671.025,1042.334,85.967,0.0685,0.0000,0.0000,0,0.000,0.000,0.0000,0.0000,0,0,-671.025,1042.334,85.967,0.000,0,-1.000000,1.000,28.924,-1.000000,0.0000,0.0000,0,0,0.000,1.000,19.607,-671.025,1042.334,85.967,0,0,-1,99.534379
37,29.1995,capture-walk,-649.129,1041.662,96.278,90.000,82.509,82.509,-638.789,1064.699,11.293,-657.805,1041.651,17.718,1.0000,0.7500,-626.910,1034.418,87.288,-668.392,1059.445,89.017,0.1679,0.0000,0.0000,0,0.000,0.000,0.0000,0.0000,0,0,-668.392,1059.445,89.017,0.000,0,-1.000000,1.000,28.924,-1.000000,0.0000,0.0000,0,0,0.000,1.000,19.607,-668.392,1059.445,89.017,0,0,-1,99.532259
38,29.3311,capture-walk,-647.585,1053.407,96.556,90.000,82.509,82.509,-638.110,1064.459,11.673,-655.044,1070.580,20.097,1.0000,0.7500,-625.342,1044.676,88.518,-666.559,1072.496,90.439,0.2666,0.0000,0.0000,0,0.000,0.000,0.0000,0.0000,0,0,-666.559,1072.496,90.439,0.000,0,-1.000000,1.000,28.924,-1.000000,0.0000,0.0000,0,0,0.000,1.000,19.607,-666.559,1072.496,90.439,0,0,-1,99.530153
39,29.4635,capture-walk,-646.033,1065.207,96.833,90.000,82.509,82.509,-637.269,1064.328,11.823,-652.214,1098.817,16.569,1.0000,0.7500,-623.636,1059.658,87.096,-665.454,1081.584,88.650,0.3658,0.0000,0.0000,0,0.000,0.000,0.0000,0.0000,0,0,-665.454,1081.584,88.650,0.000,0,-1.000000,1.000,28.924,-1.000000,0.0000,0.0000,0,0,0.000,1.000,19.607,-665.454,1081.584,88.650,0,0,-1,99.528037
40,29.5954,capture-walk,-644.483,1076.993,97.107,90.000,82.509,82.509,-636.552,1064.370,12.055,-650.015,1120.284,12.484,1.0000,0.7500,-622.205,1078.334,85.768,-665.169,1087.051,86.264,0.4648,0.0000,0.0000,0,0.000,0.000,0.0000,0.0000,0,0,-665.169,1087.051,86.264,0.000,0,-1.000000,1.000,28.924,-1.000000,0.0000,0.0000,0,0,0.000,1.000,19.607,-665.169,1087.051,86.264,0,0,-1,99.525924
41,29.7267,capture-walk,-642.942,1088.713,97.376,90.000,82.509,82.509,-635.068,1074.496,13.858,-648.920,1125.272,12.558,1.0000,0.7500,-620.869,1097.881,87.402,-664.888,1090.907,86.524,0.5633,0.0000,0.0000,0,0.000,0.000,0.0000,0.0000,0,0,-664.888,1090.907,86.524,0.000,0,-1.000000,1.000,28.924,-1.000000,0.0000,0.0000,0,0,0.000,1.000,19.607,-664.888,1090.907,86.524,0,0,-1,99.523822
42,29.8670,capture-walk,-641.296,1101.234,97.660,90.000,82.509,82.509,-632.836,1100.180,18.996,-648.461,1125.280,12.553,1.0000,0.7500,-619.901,1116.124,90.369,-664.476,1097.137,88.544,0.6686,0.0000,0.0000,0,0.000,0.000,0.0000,0.0000,0,0,-664.476,1097.137,88.544,0.000,0,-1.000000,1.000,28.924,-1.000000,0.0000,0.0000,0,0,0.000,1.000,19.607,-664.476,1097.137,88.544,0,0,-1,99.521577
43,30.0059,capture-walk,-639.667,1113.619,97.937,90.000,82.509,82.509,-629.810,1130.688,21.383,-647.567,1125.190,13.081,1.0000,0.7500,-618.230,1129.776,91.897,-662.905,1108.060,89.887,0.7727,0.0000,0.0000,0,0.000,0.000,0.0000,0.0000,0,0,-662.905,1108.060,89.887,0.000,0,-1.000000,1.000,28.924,-1.000000,0.0000,0.0000,0,0,0.000,1.000,19.607,-662.905,1108.060,89.887,0,0,-1,99.519356
44,30.1321,capture-walk,-638.190,1124.856,98.186,90.000,82.509,82.509,-627.189,1157.375,18.206,-646.823,1125.065,13.541,1.0000,0.7500,-616.479,1138.222,90.365,-660.931,1122.388,88.810,0.8671,0.0000,0.0000,0,0.000,0.000,0.0000,0.0000,0,0,-660.931,1122.388,88.810,0.000,0,-1.000000,1.000,28.924,-1.000000,0.0000,0.0000,0,0,0.000,1.000,19.607,-660.931,1122.388,88.810,0,0,-1,99.517341
45,30.2712,capture-turn,-636.762,1137.391,98.454,94.640,87.509,82.806,-628.729,1180.823,13.843,-645.109,1124.234,13.465,1.0000,0.7887,-615.299,1145.720,87.546,-658.690,1140.483,87.156,0.9723,0.0000,0.0000,0,0.000,0.000,0.0000,0.0000,0,0,-658.690,1140.483,87.156,0.000,0,-1.000000,1.000,28.924,-1.000000,0.0000,0.0000,0,0,0.000,1.000,19.607,-658.690,1140.483,87.156,0,0,-1,99.515110
46,30.3966,capture-turn,-642.680,1151.771,98.578,130.731,122.611,85.035,-653.723,1181.669,13.617,-644.334,1139.402,17.012,1.0000,1.0894,-623.001,1162.953,88.388,-667.518,1150.462,89.702,0.1087,0.0000,0.0000,0,0.000,0.000,0.0000,0.0000,0,0,-667.518,1150.462,89.702,0.000,0,-1.000000,1.000,28.924,-1.000000,0.0000,0.0000,0,0,0.000,1.000,19.607,-667.518,1150.462,89.702,0,0,-1,99.513108
47,30.5379,capture-turn,-652.579,1167.403,98.627,130.731,127.065,87.556,-653.881,1182.281,13.735,-669.525,1173.910,22.169,1.0000,1.0894,-630.581,1176.753,90.598,-679.503,1167.709,92.517,0.2629,0.0000,0.0000,0,0.000,0.000,0.0000,0.0000,0,0,-679.503,1167.709,92.517,0.000,0,-1.000000,1.000,28.924,-1.000000,0.0000,0.0000,0,0,0.000,1.000,19.607,-679.503,1167.709,92.517,0,0,-1,99.510843
48,30.6639,capture-turn,-662.289,1180.662,98.637,130.731,127.362,89.795,-653.142,1182.855,13.505,-693.574,1203.062,16.433,1.0000,1.0894,-644.267,1193.607,88.056,-686.927,1176.671,89.304,0.3998,0.0000,0.0000,0,0.000,0.000,0.0000,0.0000,0,0,-686.927,1176.671,89.304,0.000,0,-1.000000,1.000,28.924,-1.000000,0.0000,0.0000,0,0,0.000,1.000,19.607,-686.927,1176.671,89.304,0,0,-1,99.508832
49,30.8030,capture-turn,-673.680,1194.878,98.623,130.731,131.786,92.278,-657.191,1190.830,14.414,-706.343,1215.165,13.521,1.0000,1.0894,-665.536,1216.950,88.048,-690.289,1180.290,87.338,0.5516,0.0000,0.0000,0,0.000,0.000,0.0000,0.0000,0,0,-690.289,1180.290,87.338,0.000,0,-1.000000,1.000,28.924,-1.000000,0.0000,0.0000,0,0,0.000,1.000,19.607,-690.289,1180.290,87.338,0,0,-1,99.506602
50,30.9443,capture-turn,-685.872,1208.753,98.582,130.731,134.303,94.794,-684.389,1219.051,21.691,-705.801,1215.059,13.870,1.0000,1.0894,-685.069,1235.389,92.426,-696.166,1187.294,90.458,0.7056,0.0000,0.0000,0,0.000,0.000,0.0000,0.0000,0,0,-696.166,1187.294,90.458,0.000,0,-1.000000,1.000,28.924,-1.000000,0.0000,0.0000,0,0,0.000,1.000,19.607,-696.166,1187.294,90.458,0,0,-1,99.504341
51,31.0841,capture-turn,-698.529,1221.940,98.517,130.731,136.794,97.285,-717.466,1249.062,18.897,-704.545,1215.787,13.750,1.0000,1.0894,-697.033,1247.623,90.843,-709.428,1201.734,89.227,0.8579,0.0000,0.0000,0,0.000,0.000,0.0000,0.0000,0,0,-709.428,1201.734,89.227,0.000,0,-1.000000,1.000,28.924,-1.000000,0.0000,0.0000,0,0,0.000,1.000,19.607,-709.428,1201.734,89.227,0,0,-1,99.502104
52,31.2100,capture-turn,-710.379,1233.291,98.438,130.731,137.091,99.521,-738.607,1267.717,13.574,-703.802,1216.650,13.504,1.0000,1.0894,-701.398,1254.002,87.311,-728.279,1219.794,87.229,0.9946,0.0000,0.0000,0,0.000,0.000,0.0000,0.0000,0,0,-728.279,1219.794,87.229,0.000,0,-1.000000,1.000,28.924,-1.000000,0.0000,0.0000,0,0,0.000,1.000,19.607,-728.279,1219.794,87.229,0,0,-1,99.500096
53,31.3487,capture-turn,-723.986,1245.338,98.330,130.731,141.506,101.997,-740.407,1267.455,13.522,-725.781,1236.050,18.872,1.0000,1.0894,-707.207,1261.249,89.078,-748.502,1237.419,90.715,0.1461,0.0000,0.0000,0,0.000,0.000,0.0000,0.0000,0,0,-748.502,1237.419,90.715,0.000,0,-1.000000,1.000,28.924,-1.000000,0.0000,0.0000,0,0,0.000,1.000,19.607,-748.502,1237.419,90.715,0,0,-1,99.497872
54,31.4886,capture-turn,-738.214,1256.849,98.197,130.731,143.999,104.491,-740.185,1268.473,13.174,-761.653,1261.577,20.928,1.0000,1.0894,-720.291,1272.471,89.758,-763.689,1249.054,91.610,0.2986,0.0000,0.0000,0,0.000,0.000,0.0000,0.0000,0,0,-763.689,1249.054,91.610,0.000,0,-1.000000,1.000,28.924,-1.000000,0.0000,0.0000,0,0,0.000,1.000,19.607,-763.689,1249.054,91.610,0,0,-1,99.495632
55,31.6286,capture-turn,-752.931,1267.727,98.041,130.731,146.493,106.984,-739.547,1270.031,12.906,-793.642,1281.244,13.665,1.0000,1.0894,-743.405,1287.763,86.687,-771.922,1254.055,87.361,0.4511,0.0000,0.0000,0,0.000,0.000,0.0000,0.0000,0,0,-771.922,1254.055,87.361,0.000,0,-1.000000,1.000,28.924,-1.000000,0.0000,0.0000,0,0,0.000,1.000,19.607,-771.922,1254.055,87.361,0,0,-1,99.493392
56,31.7563,capture-turn,-766.725,1277.052,97.881,130.731,146.790,109.253,-752.874,1278.984,15.281,-799.654,1285.697,12.843,1.0000,1.0894,-767.131,1301.322,88.408,-776.740,1256.867,87.241,0.5899,0.0000,0.0000,0,0.000,0.000,0.0000,0.0000,0,0,-776.740,1256.867,87.241,0.000,0,-1.000000,1.000,28.924,-1.000000,0.0000,0.0000,0,0,0.000,1.000,19.607,-776.740,1256.867,87.241,0,0,-1,99.491354
57,31.8957,capture-turn,-782.244,1286.671,97.685,130.731,151.250,111.741,-789.617,1299.729,21.222,-799.159,1285.065,12.791,1.0000,1.0894,-789.619,1312.545,91.681,-785.381,1262.956,89.657,0.7420,0.0000,0.0000,0,0.000,0.000,0.0000,0.0000,0,0,-785.381,1262.956,89.657,0.000,0,-1.000000,1.000,28.924,-1.000000,0.0000,0.0000,0,0,0.000,1.000,19.607,-785.381,1262.956,89.657,0,0,-1,99.489119
58,32.0228,capture-turn,-796.708,1294.794,97.489,130.731,151.546,114.001,-824.824,1317.422,16.391,-798.597,1286.091,12.396,1.0000,1.0894,-800.805,1319.577,88.841,-803.221,1272.982,87.392,0.8803,0.0000,0.0000,0,0.000,0.000,0.0000,0.0000,0,0,-803.221,1272.982,87.392,0.000,0,-1.000000,1.000,28.924,-1.000000,0.0000,0.0000,0,0,0.000,1.000,19.607,-803.221,1272.982,87.392,0,0,-1,99.487089
59,32.1635,capture-turn,-813.123,1303.170,97.251,130.731,156.021,116.512,-847.206,1325.052,12.231,-801.673,1289.544,12.630,1.0000,1.0894,-808.184,1324.734,85.922,-828.570,1285.934,86.394,0.0338,0.0000,0.0000,0,0.000,0.000,0.0000,0.0000,0,0,-828.570,1285.934,86.394,0.000,0,-1.000000,1.000,28.924,-1.000000,0.0000,0.0000,0,0,0.000,1.000,19.607,-828.570,1285.934,86.394,0,0,-1,99.484833
60,32.2905,capture-turn,-828.192,1310.054,97.017,130.731,156.318,118.770,-846.962,1326.243,12.015,-831.245,1301.961,18.582,1.0000,1.0894,-814.912,1329.344,88.092,-850.736,1296.574,89.836,0.1719,0.0000,0.0000,0,0.000,0.000,0.0000,0.0000,0,0,-850.736,1296.574,89.836,0.000,0,-1.000000,1.000,28.924,-1.000000,0.0000,0.0000,0,0,0.000,1.000,19.607,-850.736,1296.574,89.836,0,0,-1,99.482806
61,32.4287,capture-turn,-844.935,1316.915,96.747,130.731,160.744,121.235,-847.395,1326.601,11.859,-872.724,1315.702,18.700,1.0000,1.0894,-833.101,1337.138,88.035,-866.568,1301.768,89.833,0.3227,0.0000,0.0000,0,0.000,0.000,0.0000,0.0000,0,0,-866.568,1301.768,89.833,0.000,0,-1.000000,1.000,28.924,-1.000000,0.0000,0.0000,0,0,0.000,1.000,19.607,-866.568,1301.768,89.833,0,0,-1,99.480591
62,32.5696,capture-turn,-862.278,1323.134,96.450,130.731,163.254,123.745,-847.148,1328.671,11.462,-906.252,1324.791,11.649,1.0000,1.0894,-860.927,1345.557,85.143,-874.648,1304.111,85.479,0.4762,0.0000,0.0000,0,0.000,0.000,0.0000,0.0000,0,0,-874.648,1304.111,85.479,0.000,0,-1.000000,1.000,28.924,-1.000000,0.0000,0.0000,0,0,0.000,1.000,19.607,-874.648,1304.111,85.479,0,0,-1,99.478336
63,32.7099,capture-turn,-879.798,1328.563,96.135,130.731,165.753,126.245,-872.005,1335.806,15.593,-909.232,1325.193,11.179,1.0000,1.0894,-890.395,1351.532,87.899,-880.329,1305.588,86.333,0.6291,0.0000,0.0000,0,0.000,0.000,0.0000,0.0000,0,0,-880.329,1305.588,86.333,0.000,0,-1.000000,1.000,28.924,-1.000000,0.0000,0.0000,0,0,0.000,1.000,19.607,-880.329,1305.588,86.333,0,0,-1,99.476091
64,32.8489,capture-turn,-897.348,1333.175,95.805,130.731,168.226,128.717,-914.966,1344.467,19.157,-908.596,1326.023,10.977,1.0000,1.0894,-911.786,1355.749,89.737,-893.633,1309.598,87.736,0.7803,0.0000,0.0000,0,0.000,0.000,0.0000,0.0000,0,0,-893.633,1309.598,87.736,0.000,0,-1.000000,1.000,28.924,-1.000000,0.0000,0.0000,0,0,0.000,1.000,19.607,-893.633,1309.598,87.736,0,0,-1,99.473870
65,32.9904,capture-turn,-915.425,1337.094,95.450,130.731,170.746,131.238,-955.264,1349.841,11.563,-907.871,1327.610,10.150,1.0000,1.0894,-924.125,1359.274,85.063,-918.154,1315.030,84.143,0.9345,0.0000,0.0000,0,0.000,0.000,0.0000,0.0000,0,0,-918.154,1315.030,84.143,0.000,0,-1.000000,1.000,28.924,-1.000000,0.0000,0.0000,0,0,0.000,1.000,19.607,-918.154,1315.030,84.143,0,0,-1,99.471606
66,33.1218,capture-turn,-932.327,1340.010,95.104,130.731,171.043,133.575,-965.786,1351.877,10.219,-920.792,1330.158,12.092,1.0000,1.0894,-929.813,1362.129,84.370,-945.933,1320.067,85.375,0.0774,0.0000,0.0000,0,0.000,0.000,0.0000,0.0000,0,0,-945.933,1320.067,85.375,0.000,0,-1.000000,1.000,28.924,-1.000000,0.0000,0.0000,0,0,0.000,1.000,19.607,-945.933,1320.067,85.375,0,0,-1,99.469507
67,33.2518,capture-turn,-949.217,1342.249,94.748,130.731,173.380,135.896,-966.087,1351.878,9.913,-957.948,1334.062,18.073,1.0000,1.0894,-941.015,1364.659,86.674,-967.865,1322.975,88.575,0.2194,0.0000,0.0000,0,0.000,0.000,0.0000,0.0000,0,0,-967.865,1322.975,88.575,0.000,0,-1.000000,1.000,28.924,-1.000000,0.0000,0.0000,0,0,0.000,1.000,19.607,-967.865,1322.975,88.575,0,0,-1,99.467422
68,33.3916,capture-turn,-967.366,1343.896,94.349,130.731,175.702,138.379,-966.341,1352.723,9.380,-1001.290,1335.899,13.825,1.0000,1.0894,-963.365,1366.576,84.542,-982.350,1323.575,86.050,0.3712,0.0000,0.0000,0,0.000,0.000,0.0000,0.0000,0,0,-982.350,1323.575,86.050,0.000,0,-1.000000,1.000,28.924,-1.000000,0.0000,0.0000,0,0,0.000,1.000,19.607,-982.350,1323.575,86.050,0,0,-1,99.465192
69,33.5358,capture-turn,-986.243,1344.787,93.919,130.731,178.185,140.954,-970.822,1353.844,9.200,-1026.144,1334.878,8.881,1.0000,1.0894,-994.967,1365.959,83.014,-988.999,1322.642,82.599,0.5287,0.0000,0.0000,0,0.000,0.000,0.0000,0.0000,0,0,-988.999,1322.642,82.599,0.000,0,-1.000000,1.000,28.924,-1.000000,0.0000,0.0000,0,0,0.000,1.000,19.607,-988.999,1322.642,82.599,0,0,-1,99.462879
70,33.6664,capture-turn,-1003.264,1344.859,93.517,130.731,-179.240,143.273,-1003.779,1353.367,14.906,-1025.783,1334.343,8.380,1.0000,1.0894,-1021.129,1363.891,86.247,-995.819,1322.514,84.412,0.6706,0.0000,0.0000,0,0.000,0.000,0.0000,0.0000,0,0,-995.819,1322.514,84.412,0.000,0,-1.000000,1.000,28.924,-1.000000,0.0000,0.0000,0,0,0.000,1.000,19.607,-995.819,1322.514,84.412,0,0,-1,99.460795
71,33.7951,capture-turn,-1020.118,1344.237,93.107,130.731,-176.921,145.571,-1045.400,1349.955,15.307,-1025.473,1334.779,7.980,1.0000,1.0894,-1039.248,1362.459,86.283,-1011.207,1322.290,84.368,0.8111,0.0000,0.0000,0,0.000,0.000,0.0000,0.0000,0,0,-1011.207,1322.290,84.368,0.000,0,-1.000000,1.000,28.924,-1.000000,0.0000,0.0000,0,0,0.000,1.000,19.607,-1011.207,1322.290,84.368,0,0,-1,99.458731
72,33.9313,capture-turn,-1037.841,1342.851,92.661,130.731,-174.623,147.994,-1081.304,1344.885,8.219,-1025.229,1336.070,7.580,1.0000,1.0894,-1050.038,1362.639,81.917,-1036.854,1320.709,81.338,0.9593,0.0000,0.0000,0,0.000,0.000,0.0000,0.0000,0,0,-1036.854,1320.709,81.338,0.000,0,-1.000000,1.000,28.924,-1.000000,0.0000,0.0000,0,0,0.000,1.000,19.607,-1036.854,1320.709,81.338,0,0,-1,99.456555
73,34.0588,capture-turn,-1054.422,1340.869,92.229,130.731,-172.201,150.269,-1087.401,1343.106,7.304,-1042.753,1334.353,10.168,1.0000,1.0894,-1056.970,1363.201,81.872,-1063.027,1317.775,83.085,0.0984,0.0000,0.0000,0,0.000,0.000,0.0000,0.0000,0,0,-1063.027,1317.775,83.085,0.000,0,-1.000000,1.000,28.924,-1.000000,0.0000,0.0000,0,0,0.000,1.000,19.607,-1063.027,1317.775,83.085,0,0,-1,99.454511
74,34.2032,capture-turn,-1073.022,1337.850,91.730,130.731,-169.925,152.837,-1087.777,1343.232,6.829,-1085.243,1325.998,15.295,1.0000,1.0894,-1071.287,1361.705,83.717,-1085.553,1313.993,85.633,0.2555,0.0000,0.0000,0,0.000,0.000,0.0000,0.0000,0,0,-1085.553,1313.993,85.633,0.000,0,-1.000000,1.000,28.924,-1.000000,0.0000,0.0000,0,0,0.000,1.000,19.607,-1085.553,1313.993,85.633,0,0,-1,99.452205
75,34.3474,capture-sweep,-1091.511,1334.008,91.216,130.731,-167.358,155.410,-1088.223,1343.729,6.213,-1126.260,1314.646,8.509,1.0000,1.0894,-1096.638,1355.544,80.558,-1097.380,1310.161,81.675,0.4128,0.0000,0.0000,0,0.000,0.000,0.0000,0.0000,0,0,-1097.380,1310.161,81.675,0.000,0,-1.000000,1.000,28.924,-1.000000,0.0000,0.0000,0,0,0.000,1.000,19.607,-1097.380,1310.161,81.675,0,0,-1,99.449894
76,34.4774,capture-sweep,-1092.052,1333.891,91.201,0.000,-167.358,162.354,-1100.031,1340.535,5.570,-1112.305,1318.842,5.997,0.3503,0.0000,-1101.301,1354.318,83.974,-1093.685,1311.157,84.352,0.4128,0.0000,0.0000,0,0.000,0.000,0.0000,0.0000,0,0,-1093.685,1311.157,84.352,0.000,0,-1.000000,1.000,28.924,-1.000000,0.0000,0.0000,0,0,0.000,1.000,19.607,-1093.685,1311.157,84.352,0,0,-1,99.447815
77,34.6034,capture-sweep,-1092.052,1333.891,91.201,0.000,-167.358,169.097,-1106.456,1338.745,6.289,-1103.942,1321.426,6.289,0.0000,0.0000,-1103.411,1353.674,85.980,-1091.311,1311.868,85.980,0.4128,0.0000,0.0000,0,0.000,0.000,0.0000,0.0000,0,0,-1091.311,1311.868,85.980,0.000,0,-1.000000,1.000,28.924,-1.000000,0.0000,0.0000,0,0,0.000,1.000,19.607,-1091.311,1311.868,85.980,0,0,-1,99.445796
78,34.7313,capture-sweep,-1092.052,1333.891,91.201,0.000,-167.358,175.922,-1106.456,1338.745,6.289,-1103.942,1321.426,6.289,0.0000,0.0000,-1103.411,1353.674,85.980,-1091.311,1311.868,85.980,0.4128,0.0000,0.0000,0,0.000,0.000,0.0000,0.0000,0,0,-1091.311,1311.868,85.980,0.000,0,-1.000000,1.000,28.924,-1.000000,0.0000,0.0000,0,0,0.000,1.000,19.607,-1091.311,1311.868,85.980,0,0,-1,99.443752
79,34.8587,capture-sweep,-1092.052,1333.891,91.201,0.000,-167.358,182.733,-1106.456,1338.745,6.289,-1103.942,1321.426,6.289,0.0000,0.0000,-1103.394,1353.679,85.978,-1091.293,1311.872,85.978,0.4128,0.0000,0.0000,0,0.000,0.000,0.0000,0.0000,0,0,-1091.293,1311.872,85.978,0.000,0,-1.000000,1.000,28.924,-1.000000,0.0000,0.0000,0,0,0.000,1.000,19.607,-1091.293,1311.872,85.978,0,0,-1,99.441713
80,35.0077,capture-sweep,-1092.052,1333.891,91.201,0.000,-167.358,190.675,-1106.456,1338.745,6.289,-1103.942,1321.426,6.289,0.0000,0.0000,-1103.394,1353.679,85.978,-1091.293,1311.872,85.978,0.4128,0.0000,0.0000,0,0.000,0.000,0.0000,0.0000,0,0,-1091.293,1311.872,85.978,0.000,0,-1.000000,1.000,28.924,-1.000000,0.0000,0.0000,0,0,0.000,1.000,19.607,-1091.293,1311.872,85.978,0,0,-1,99.439335
81,35.2057,capture-sweep,-1092.052,1333.891,91.201,0.000,-167.358,201.261,-1106.456,1338.745,6.289,-1103.942,1321.426,6.289,0.0000,0.0000,-1103.552,1353.627,86.000,-1091.456,1311.832,86.000,0.4128,0.0000,0.0000,0,0.000,0.000,0.0000,0.0000,0,0,-1091.456,1311.832,86.000,0.000,0,-1.000000,1.000,28.924,-1.000000,0.0000,0.0000,0,0,0.000,1.000,19.607,-1091.456,1311.832,86.000,0,0,-1,99.436165
82,35.3489,capture-sweep,-1092.052,1333.891,91.201,0.000,-167.358,208.920,-1106.456,1338.745,6.289,-1103.942,1321.426,6.289,0.0000,0.0000,-1103.639,1353.598,86.012,-1091.544,1311.810,86.012,0.4128,0.0000,0.0000,0,0.000,0.000,0.0000,0.0000,0,0,-1091.544,1311.810,86.012,0.000,0,-1.000000,1.000,28.924,-1.000000,0.0000,0.0000,0,0,0.000,1.000,19.607,-1091.544,1311.810,86.012,0,0,-1,99.433872
83,35.4753,capture-sweep,-1092.052,1333.891,91.201,0.000,-167.358,215.688,-1106.456,1338.745,6.289,-1103.942,1321.426,6.289,0.0000,0.0000,-1103.723,1353.569,86.025,-1091.631,1311.789,86.025,0.4128,0.0000,0.0000,0,0.000,0.000,0.0000,0.0000,0,0,-1091.631,1311.789,86.025,0.000,0,-1.000000,1.000,28.924,-1.000000,0.0000,0.0000,0,0,0.000,1.000,19.607,-1091.631,1311.789,86.025,0,0,-1,99.431846
84,35.6016,capture-sweep,-1092.052,1333.891,91.201,0.000,-167.358,222.421,-1106.456,1338.745,6.289,-1103.942,1321.426,6.289,0.0000,0.0000,-1103.810,1353.540,86.038,-1091.720,1311.767,86.038,0.4128,0.0000,0.0000,0,0.000,0.000,0.0000,0.0000,0,0,-1091.720,1311.767,86.038,0.000,0,-1.000000,1.000,28.924,-1.000000,0.0000,0.0000,0,0,0.000,1.000,19.607,-1091.720,1311.767,86.038,0,0,-1,99.429830
85,35.7330,capture-sweep,-1092.052,1333.891,91.201,0.000,-167.358,229.454,-1106.456,1338.745,6.289,-1103.942,1321.426,6.289,0.0000,0.0000,-1103.885,1353.515,86.049,-1091.796,1311.749,86.049,0.4128,0.0000,0.0000,0,0.000,0.000,0.0000,0.0000,0,0,-1091.796,1311.749,86.049,0.000,0,-1.000000,1.000,28.924,-1.000000,0.0000,0.0000,0,0,0.000,1.000,19.607,-1091.796,1311.749,86.049,0,0,-1,99.427724
86,35.8609,capture-sweep,-1092.052,1333.891,91.201,0.000,-167.358,236.276,-1106.456,1338.745,6.289,-1103.942,1321.426,6.289,0.0000,0.0000,-1103.958,1353.490,86.061,-1091.871,1311.730,86.061,0.4128,0.0000,0.0000,0,0.000,0.000,0.0000,0.0000,0,0,-1091.871,1311.730,86.061,0.000,0,-1.000000,1.000,28.924,-1.000000,0.0000,0.0000,0,0,0.000,1.000,19.607,-1091.871,1311.730,86.061,0,0,-1,99.425681
87,36.0057,capture-sweep,-1092.052,1333.891,91.201,0.000,-167.358,244.014,-1106.456,1338.745,6.289,-1103.942,1321.426,6.289,0.0000,0.0000,-1103.970,1353.486,86.062,-1091.884,1311.727,86.062,0.4128,0.0000,0.0000,0,0.000,0.000,0.0000,0.0000,0,0,-1091.884,1311.727,86.062,0.000,0,-1.000000,1.000,28.924,-1.000000,0.0000,0.0000,0,0,0.000,1.000,19.607,-1091.884,1311.727,86.062,0,0,-1,99.423364
88,36.1513,capture-sweep,-1092.052,1333.891,91.201,0.000,-167.358,251.782,-1106.456,1338.745,6.289,-1103.942,1321.426,6.289,0.0000,0.0000,-1104.006,1353.474,86.068,-1091.920,1311.719,86.068,0.4128,0.0000,0.0000,0,0.000,0.000,0.0000,0.0000,0,0,-1091.920,1311.719,86.068,0.000,0,-1.000000,1.000,28.924,-1.000000,0.0000,0.0000,0,0,0.000,1.000,19.607,-1091.920,1311.719,86.068,0,0,-1,99.421039
89,36.2775,capture-sweep,-1092.052,1333.891,91.201,0.000,-167.358,258.550,-1106.456,1338.745,6.289,-1103.942,1321.426,6.289,0.0000,0.0000,-1104.037,1353.464,86.073,-1091.953,1311.711,86.073,0.4128,0.0000,0.0000,0,0.000,0.000,0.0000,0.0000,0,0,-1091.953,1311.711,86.073,0.000,0,-1.000000,1.000,28.924,-1.000000,0.0000,0.0000,0,0,0.000,1.000,19.607,-1091.953,1311.711,86.073,0,0,-1,99.419012
90,36.4115,capture-sweep,-1092.052,1333.891,91.201,0.000,-167.358,265.699,-1106.456,1338.745,6.289,-1103.942,1321.426,6.289,0.0000,0.0000,-1104.033,1353.465,86.072,-1091.948,1311.712,86.072,0.4128,0.0000,0.0000,0,0.000,0.000,0.0000,0.0000,0,0,-1091.948,1311.712,86.072,0.000,0,-1.000000,1.000,28.924,-1.000000,0.0000,0.0000,0,0,0.000,1.000,19.607,-1091.948,1311.712,86.072,0,0,-1,99.416872
91,36.5406,capture-sweep,-1092.052,1333.891,91.201,0.000,-167.358,272.605,-1106.456,1338.745,6.289,-1103.942,1321.426,6.289,0.0000,0.0000,-1103.950,1353.493,86.063,-1091.864,1311.732,86.063,0.4128,0.0000,0.0000,0,0.000,0.000,0.0000,0.0000,0,0,-1091.864,1311.732,86.063,0.000,0,-1.000000,1.000,28.924,-1.000000,0.0000,0.0000,0,0,0.000,1.000,19.607,-1091.864,1311.732,86.063,0,0,-1,99.414804
92,36.6748,capture-sweep,-1092.052,1333.891,91.201,0.000,-167.358,279.766,-1106.456,1338.745,6.289,-1103.942,1321.426,6.289,0.0000,0.0000,-1103.883,1353.515,86.057,-1091.795,1311.749,86.057,0.4128,0.0000,0.0000,0,0.000,0.000,0.0000,0.0000,0,0,-1091.795,1311.749,86.057,0.000,0,-1.000000,1.000,28.924,-1.000000,0.0000,0.0000,0,0,0.000,1.000,19.607,-1091.795,1311.749,86.057,0,0,-1,99.412660
93,36.8062,capture-sweep,-1092.052,1333.891,91.201,0.000,-167.358,286.808,-1106.456,1338.745,6.289,-1103.942,1321.426,6.289,0.0000,0.0000,-1103.812,1353.539,86.038,-1091.722,1311.767,86.038,0.4128,0.0000,0.0000,0,0.000,0.000,0.0000,0.0000,0,0,-1091.722,1311.767,86.038,0.000,0,-1.000000,1.000,28.924,-1.000000,0.0000,0.0000,0,0,0.000,1.000,19.607,-1091.722,1311.767,86.038,0,0,-1,99.410551
94,36.9377,capture-sweep,-1092.052,1333.891,91.201,0.000,-167.358,293.826,-1106.456,1338.745,6.289,-1103.942,1321.426,6.289,0.0000,0.0000,-1103.724,1353.569,86.025,-1091.631,1311.789,86.025,0.4128,0.0000,0.0000,0,0.000,0.000,0.0000,0.0000,0,0,-1091.631,1311.789,86.025,0.000,0,-1.000000,1.000,28.924,-1.000000,0.0000,0.0000,0,0,0.000,1.000,19.607,-1091.631,1311.789,86.025,0,0,-1,99.408450
95,37.0884,capture-sweep,-1092.052,1333.891,91.201,0.000,-167.358,301.885,-1106.456,1338.745,6.289,-1103.942,1321.426,6.289,0.0000,0.0000,-1103.628,1353.601,86.011,-1091.534,1311.813,86.011,0.4128,0.0000,0.0000,0,0.000,0.000,0.0000,0.0000,0,0,-1091.534,1311.813,86.011,0.000,0,-1.000000,1.000,28.924,-1.000000,0.0000,0.0000,0,0,0.000,1.000,19.607,-1091.534,1311.813,86.011,0,0,-1,99.406037
96,37.2368,capture-sweep,-1092.052,1333.891,91.201,0.000,-167.358,309.808,-1106.456,1338.745,6.289,-1103.942,1321.426,6.289,0.0000,0.0000,-1103.534,1353.633,85.997,-1091.437,1311.837,85.997,0.4128,0.0000,0.0000,0,0.000,0.000,0.0000,0.0000,0,0,-1091.437,1311.837,85.997,0.000,0,-1.000000,1.000,28.924,-1.000000,0.0000,0.0000,0,0,0.000,1.000,19.607,-1091.437,1311.837,85.997,0,0,-1,99.403665
97,37.3801,capture-sweep,-1092.052,1333.891,91.201,0.000,-167.358,317.479,-1106.456,1338.745,6.289,-1103.942,1321.426,6.289,0.0000,0.0000,-1103.512,1353.639,85.989,-1091.415,1311.843,85.989,0.4128,0.0000,0.0000,0,0.000,0.000,0.0000,0.0000,0,0,-1091.415,1311.843,85.989,0.000,0,-1.000000,1.000,28.924,-1.000000,0.0000,0.0000,0,0,0.000,1.000,19.607,-1091.415,1311.843,85.989,0,0,-1,99.401368
98,37.5268,capture-sweep,-1092.052,1333.891,91.201,0.000,-167.358,325.310,-1106.456,1338.745,6.289,-1103.942,1321.426,6.289,0.0000,0.0000,-1103.411,1353.674,85.980,-1091.311,1311.868,85.980,0.4128,0.0000,0.0000,0,0.000,0.000,0.0000,0.0000,0,0,-1091.311,1311.868,85.980,0.000,0,-1.000000,1.000,28.924,-1.000000,0.0000,0.0000,0,0,0.000,1.000,19.607,-1091.311,1311.868,85.980,0,0,-1,99.399023
99,37.6543,capture-sweep,-1092.052,1333.891,91.201,0.000,-167.358,332.129,-1106.456,1338.745,6.289,-1103.942,1321.426,6.289,0.0000,0.0000,-1103.411,1353.674,85.980,-1091.311,1311.868,85.980,0.4128,0.0000,0.0000,0,0.000,0.000,0.0000,0.0000,0,0,-1091.311,1311.868,85.980,0.000,0,-1.000000,1.000,28.924,-1.000000,0.0000,0.0000,0,0,0.000,1.000,19.607,-1091.311,1311.868,85.980,0,0,-1,99.396981
100,37.7957,capture-sweep,-1092.052,1333.891,91.201,0.000,-167.358,339.676,-1106.456,1338.745,6.289,-1103.942,1321.426,6.289,0.0000,0.0000,-1103.407,1353.675,85.980,-1091.307,1311.869,85.980,0.4128,0.0000,0.0000,0,0.000,0.000,0.0000,0.0000,0,0,-1091.307,1311.869,85.980,0.000,0,-1.000000,1.000,28.924,-1.000000,0.0000,0.0000,0,0,0.000,1.000,19.607,-1091.307,1311.869,85.980,0,0,-1,99.394722
101,37.9327,capture-sweep,-1092.052,1333.891,91.201,0.000,-167.358,347.009,-1106.456,1338.745,6.289,-1103.942,1321.426,6.289,0.0000,0.0000,-1103.394,1353.679,85.978,-1091.293,1311.872,85.978,0.4128,0.0000,0.0000,0,0.000,0.000,0.0000,0.0000,0,0,-1091.293,1311.872,85.978,0.000,0,-1.000000,1.000,28.924,-1.000000,0.0000,0.0000,0,0,0.000,1.000,19.607,-1091.293,1311.872,85.978,0,0,-1,99.392526
102,38.0581,capture-sweep,-1092.052,1333.891,91.201,0.000,-167.358,353.697,-1106.456,1338.745,6.289,-1103.942,1321.426,6.289,0.0000,0.0000,-1103.394,1353.679,85.978,-1091.293,1311.872,85.978,0.4128,0.0000,0.0000,0,0.000,0.000,0.0000,0.0000,0,0,-1091.293,1311.872,85.978,0.000,0,-1.000000,1.000,28.924,-1.000000,0.0000,0.0000,0,0,0.000,1.000,19.607,-1091.293,1311.872,85.978,0,0,-1,99.390524
103,38.2023,capture-sweep,-1092.052,1333.891,91.201,0.000,-167.358,1.414,-1106.456,1338.745,6.289,-1103.942,1321.426,6.289,0.0000,0.0000,-1103.551,1353.627,86.000,-1091.454,1311.832,86.000,0.4128,0.0000,0.0000,0,0.000,0.000,0.0000,0.0000,0,0,-1091.454,1311.832,86.000,0.000,0,-1.000000,1.000,28.924,-1.000000,0.0000,0.0000,0,0,0.000,1.000,19.607,-1091.454,1311.832,86.000,0,0,-1,99.388213
104,38.3413,capture-sweep,-1092.052,1333.891,91.201,0.000,-167.358,8.827,-1106.456,1338.745,6.289,-1103.942,1321.426,6.289,0.0000,0.0000,-1103.636,1353.599,86.012,-1091.541,1311.811,86.012,0.4128,0.0000,0.0000,0,0.000,0.000,0.0000,0.0000,0,0,-1091.541,1311.811,86.012,0.000,0,-1.000000,1.000,28.924,-1.000000,0.0000,0.0000,0,0,0.000,1.000,19.607,-1091.541,1311.811,86.012,0,0,-1,99.385993
105,38.4757,capture-sweep,-1092.052,1333.891,91.201,0.000,-167.358,16.017,-1106.456,1338.745,6.289,-1103.942,1321.426,6.289,0.0000,0.0000,-1103.723,1353.569,86.025,-1091.631,1311.789,86.025,0.4128,0.0000,0.0000,0,0.000,0.000,0.0000,0.0000,0,0,-1091.631,1311.789,86.025,0.000,0,-1.000000,1.000,28.924,-1.000000,0.0000,0.0000,0,0,0.000,1.000,19.607,-1091.631,1311.789,86.025,0,0,-1,99.383841
106,38.6196,capture-sweep,-1092.052,1333.891,91.201,0.000,-167.358,23.698,-1106.456,1338.745,6.289,-1103.942,1321.426,6.289,0.0000,0.0000,-1103.820,1353.537,86.039,-1091.730,1311.765,86.039,0.4128,0.0000,0.0000,0,0.000,0.000,0.0000,0.0000,0,0,-1091.730,1311.765,86.039,0.000,0,-1.000000,1.000,28.924,-1.000000,0.0000,0.0000,0,0,0.000,1.000,19.607,-1091.730,1311.765,86.039,0,0,-1,99.381541
107,38.7573,capture-sweep,-1092.052,1333.891,91.201,0.000,-167.358,31.073,-1106.456,1338.745,6.289,-1103.942,1321.426,6.289,0.0000,0.0000,-1103.899,1353.510,86.051,-1091.811,1311.745,86.051,0.4128,0.0000,0.0000,0,0.000,0.000,0.0000,0.0000,0,0,-1091.811,1311.745,86.051,0.000,0,-1.000000,1.000,28.924,-1.000000,0.0000,0.0000,0,0,0.000,1.000,19.607,-1091.811,1311.745,86.051,0,0,-1,99.379333
108,38.9002,capture-sweep,-1092.052,1333.891,91.201,0.000,-167.358,38.697,-1106.456,1338.745,6.289,-1103.942,1321.426,6.289,0.0000,0.0000,-1103.970,1353.486,86.062,-1091.884,1311.727,86.062,0.4128,0.0000,0.0000,0,0.000,0.000,0.0000,0.0000,0,0,-1091.884,1311.727,86.062,0.000,0,-1.000000,1.000,28.924,-1.000000,0.0000,0.0000,0,0,0.000,1.000,19.607,-1091.884,1311.727,86.062,0,0,-1,99.377050
109,39.0357,capture-sweep,-1092.052,1333.891,91.201,0.000,-167.358,45.951,-1106.456,1338.745,6.289,-1103.942,1321.426,6.289,0.0000,0.0000,-1103.970,1353.486,86.062,-1091.884,1311.727,86.062,0.4128,0.0000,0.0000,0,0.000,0.000,0.0000,0.0000,0,0,-1091.884,1311.727,86.062,0.000,0,-1.000000,1.000,28.924,-1.000000,0.0000,0.0000,0,0,0.000,1.000,19.607,-1091.884,1311.727,86.062,0,0,-1,99.374878
110,39.1733,capture-sweep,-1092.052,1333.891,91.201,0.000,-167.358,53.291,-1106.456,1338.745,6.289,-1103.942,1321.426,6.289,0.0000,0.0000,-1104.037,1353.464,86.073,-1091.953,1311.711,86.073,0.4128,0.0000,0.0000,0,0.000,0.000,0.0000,0.0000,0,0,-1091.953,1311.711,86.073,0.000,0,-1.000000,1.000,28.924,-1.000000,0.0000,0.0000,0,0,0.000,1.000,19.607,-1091.953,1311.711,86.073,0,0,-1,99.372680
111,39.3086,capture-sweep,-1092.052,1333.891,91.201,0.000,-167.358,60.527,-1106.456,1338.745,6.289,-1103.942,1321.426,6.289,0.0000,0.0000,-1104.037,1353.464,86.073,-1091.953,1311.711,86.073,0.4128,0.0000,0.0000,0,0.000,0.000,0.0000,0.0000,0,0,-1091.953,1311.711,86.073,0.000,0,-1.000000,1.000,28.924,-1.000000,0.0000,0.0000,0,0,0.000,1.000,19.607,-1091.953,1311.711,86.073,0,0,-1,99.370514
112,39.4430,capture-sweep,-1092.052,1333.891,91.201,0.000,-167.358,67.703,-1106.456,1338.745,6.289,-1103.942,1321.426,6.289,0.0000,0.0000,-1104.000,1353.476,86.067,-1091.915,1311.720,86.067,0.4128,0.0000,0.0000,0,0.000,0.000,0.0000,0.0000,0,0,-1091.915,1311.720,86.067,0.000,0,-1.000000,1.000,28.924,-1.000000,0.0000,0.0000,0,0,0.000,1.000,19.607,-1091.915,1311.720,86.067,0,0,-1,99.368365
113,39.5767,capture-sweep,-1092.052,1333.891,91.201,0.000,-167.358,74.860,-1106.456,1338.745,6.289,-1103.942,1321.426,6.289,0.0000,0.0000,-1103.932,1353.499,86.061,-1091.845,1311.737,86.061,0.4128,0.0000,0.0000,0,0.000,0.000,0.0000,0.0000,0,0,-1091.845,1311.737,86.061,0.000,0,-1.000000,1.000,28.924,-1.000000,0.0000,0.0000,0,0,0.000,1.000,19.607,-1091.845,1311.737,86.061,0,0,-1,99.366222
114,39.7111,capture-sweep,-1092.052,1333.891,91.201,0.000,-167.358,82.033,-1106.456,1338.745,6.289,-1103.942,1321.426,6.289,0.0000,0.0000,-1103.876,1353.518,86.048,-1091.788,1311.751,86.048,0.4128,0.0000,0.0000,0,0.000,0.000,0.0000,0.0000,0,0,-1091.788,1311.751,86.048,0.000,0,-1.000000,1.000,28.924,-1.000000,0.0000,0.0000,0,0,0.000,1.000,19.607,-1091.788,1311.751,86.048,0,0,-1,99.364075
115,39.8464,capture-sweep,-1092.052,1333.891,91.201,0.000,-167.358,89.271,-1106.456,1338.745,6.289,-1103.942,1321.426,6.289,0.0000,0.0000,-1103.785,1353.548,86.034,-1091.694,1311.773,86.034,0.4128,0.0000,0.0000,0,0.000,0.000,0.0000,0.0000,0,0,-1091.694,1311.773,86.034,0.000,0,-1.000000,1.000,28.924,-1.000000,0.0000,0.0000,0,0,0.000,1.000,19.607,-1091.694,1311.773,86.034,0,0,-1,99.361907
116,39.9835,capture-sweep,-1092.052,1333.891,91.201,0.000,-167.358,96.585,-1106.456,1338.745,6.289,-1103.942,1321.426,6.289,0.0000,0.0000,-1103.699,1353.577,86.021,-1091.606,1311.795,86.021,0.4128,0.0000,0.0000,0,0.000,0.000,0.0000,0.0000,0,0,-1091.606,1311.795,86.021,0.000,0,-1.000000,1.000,28.924,-1.000000,0.0000,0.0000,0,0,0.000,1.000,19.607,-1091.606,1311.795,86.021,0,0,-1,99.359718
117,40.1236,capture-sweep,-1092.052,1333.891,91.201,0.000,-167.358,104.082,-1106.456,1338.745,6.289,-1103.942,1321.426,6.289,0.0000,0.0000,-1103.605,1353.609,86.007,-1091.510,1311.819,86.007,0.4128,0.0000,0.0000,0,0.000,0.000,0.0000,0.0000,0,0,-1091.510,1311.819,86.007,0.000,0,-1.000000,1.000,28.924,-1.000000,0.0000,0.0000,0,0,0.000,1.000,19.607,-1091.510,1311.819,86.007,0,0,-1,99.357473
118,40.2504,capture-sweep,-1092.052,1333.891,91.201,0.000,-167.358,110.850,-1106.456,1338.745,6.289,-1103.942,1321.426,6.289,0.0000,0.0000,-1103.531,1353.634,85.997,-1091.434,1311.837,85.997,0.4128,0.0000,0.0000,0,0.000,0.000,0.0000,0.0000,0,0,-1091.434,1311.837,85.997,0.000,0,-1.000000,1.000,28.924,-1.000000,0.0000,0.0000,0,0,0.000,1.000,19.607,-1091.434,1311.837,85.997,0,0,-1,99.355446
