component,x,y,z,yaw,triangles,slots,scale_error,ground_error_cm,canopy_radius_cm,home_margin_cm,resource_margin_cm,structure_margin_cm,plot_margin_cm,stream_margin_cm,tree_spacing_margin_cm,materials_ready,collision_ready,encounter
/Game/SurvivalGame/Maps/Homestead.Homestead:PersistentLevel.HomesteadWorld_2147482375.StaticMeshComponent_2147482347,-2960.405273,-1467.041016,-39.607410,124.541870,231785,3,0.000000,0.000000,332.395221,1466.154999,512.428348,1000000000.000000,1000000000.000000,3834.199694,68.164952,1,1,0
/Game/SurvivalGame/Maps/Homestead.Homestead:PersistentLevel.HomesteadWorld_2147482375.StaticMeshComponent_2147482346,-3672.051025,-306.888184,-16.051416,-74.020294,231785,3,0.000000,0.000000,332.395221,1707.221302,1223.818070,1000000000.000000,1000000000.000000,4652.287072,48.973576,1,1,0
/Game/SurvivalGame/Maps/Homestead.Homestead:PersistentLevel.HomesteadWorld_2147482375.StaticMeshComponent_2147482345,-3016.449219,1228.694336,-12.340739,91.461609,231785,3,0.000000,0.000000,332.395221,1378.908915,265.520787,1000000000.000000,1000000000.000000,4243.944209,68.164561,1,1,0
/Game/SurvivalGame/Maps/Homestead.Homestead:PersistentLevel.HomesteadWorld_2147482375.StaticMeshComponent_2147482344,-2336.828369,-591.037842,-24.382956,115.226837,231785,3,0.000000,0.000000,332.395221,479.259943,135.993508,1000000000.000000,1000000000.000000,3263.221280,127.033802,1,1,0
/Game/SurvivalGame/Maps/Homestead.Homestead:PersistentLevel.HomesteadWorld_2147482375.StaticMeshComponent_2147482343,-3064.486328,239.325195,-11.602728,-142.607224,231785,3,0.000000,0.000000,332.395221,1095.916678,407.028908,1000000000.000000,1000000000.000000,4165.139676,113.851625,1,1,0
/Game/SurvivalGame/Maps/Homestead.Homestead:PersistentLevel.HomesteadWorld_2147482375.StaticMeshComponent_2147482342,-273.947998,-1705.551270,-24.615377,-137.827225,231785,3,0.000000,0.000000,332.395221,871.265115,273.067870,1000000000.000000,1000000000.000000,1169.156220,113.851786,1,1,1
/Game/SurvivalGame/Maps/Homestead.Homestead:PersistentLevel.HomesteadWorld_2147482375.StaticMeshComponent_2147482341,-3112.523193,-750.044678,-25.671490,-16.675995,231785,3,0.000000,0.000000,332.395221,1259.327612,775.623421,1000000000.000000,1000000000.000000,4015.027424,48.973576,1,1,0
/Game/SurvivalGame/Maps/Homestead.Homestead:PersistentLevel.HomesteadWorld_2147482375.StaticMeshComponent_2147482340,-321.985107,-2694.920410,-11.674546,24.492260,231785,3,0.000000,0.000000,332.395221,1796.507478,274.373131,1000000000.000000,1000000000.000000,1410.110024,113.852578,1,1,0
/Game/SurvivalGame/Maps/Homestead.Homestead:PersistentLevel.HomesteadWorld_2147482375.StaticMeshComponent_2147482339,-3824.168213,410.108398,-0.307869,144.761871,231785,3,0.000000,0.000000,332.395221,1871.394364,1014.178705,1000000000.000000,1000000000.000000,4960.058612,68.165039,1,1,0
/Game/SurvivalGame/Maps/Homestead.Homestead:PersistentLevel.HomesteadWorld_2147482375.StaticMeshComponent_2147482338,-1033.629883,-1534.767334,-27.265358,-57.639648,231785,3,0.000000,0.000000,332.395221,552.740518,333.262851,1000000000.000000,1000000000.000000,1912.003782,113.851786,1,1,0
/Game/SurvivalGame/Maps/Homestead.Homestead:PersistentLevel.HomesteadWorld_2147482375.StaticMeshComponent_2147482337,-3168.566406,1945.690430,-12.222647,-49.756256,231785,3,0.000000,0.000000,332.395221,1931.089206,749.875337,1000000000.000000,1000000000.000000,4333.430213,68.164561,1,1,0
/Game/SurvivalGame/Maps/Homestead.Homestead:PersistentLevel.HomesteadWorld_2147482375.StaticMeshComponent_2147482336,-1081.667969,-2524.137207,-23.493893,59.584480,231785,3,0.000000,0.000000,332.395221,1543.062816,937.334704,1000000000.000000,1000000000.000000,2131.716867,113.852578,1,1,0
/Game/SurvivalGame/Maps/Homestead.Homestead:PersistentLevel.HomesteadWorld_2147482375.StaticMeshComponent_2147482335,-1785.306641,2650.910156,1.924033,-87.689301,231785,3,0.000000,0.000000,332.395221,1782.388889,636.445932,1000000000.000000,1000000000.000000,2802.095860,687.215474,1,1,0
/Game/SurvivalGame/Maps/Homestead.Homestead:PersistentLevel.HomesteadWorld_2147482375.StaticMeshComponent_2147482334,-434.071289,2696.550293,7.545283,-41.668274,231785,3,0.000000,0.000000,332.395221,1772.901276,283.192058,1000000000.000000,1000000000.000000,1440.798704,687.215474,1,1,0
/Game/SurvivalGame/Maps/Homestead.Homestead:PersistentLevel.HomesteadWorld_2147482375.StaticMeshComponent_2147482333,-1857.362793,-2683.143555,-39.269238,-78.792542,231785,3,0.000000,0.000000,332.395221,1834.399108,928.083641,1000000000.000000,1000000000.000000,2942.901633,127.033704,1,1,0
