component,x,y,z,yaw,near_triangles,slots,uniform_scale_error,ground_error_cm,canopy_radius_cm,home_margin_cm,resource_margin_cm,structure_margin_cm,plot_margin_cm,stream_margin_cm,tree_spacing_margin_cm,materials_ready,collision_ready,encounter,scale,mid_triangles,far_triangles
/Game/SurvivalGame/Maps/Homestead.Homestead:PersistentLevel.HomesteadWorld_2147482375.StaticMeshComponent_2147481987,533.771973,-886.965088,-7.975511,-77.780701,231785,3,0.000000,0.000000,332.395225,1031.768476,150.132810,1000000000.000000,1000000000.000000,520.105941,693.335124,1,1,1,1.000000,57947,13908
/Game/SurvivalGame/Maps/Homestead.Homestead:PersistentLevel.HomesteadWorld_2147482375.StaticMeshComponent_2147481986,2652.695312,3002.787109,44.664406,165.718506,231785,3,0.000000,0.000000,360.347328,3980.952910,1122.116127,1000000000.000000,1000000000.000000,963.521929,89.984483,1,1,0,1.084093,57947,13908
/Game/SurvivalGame/Maps/Homestead.Homestead:PersistentLevel.HomesteadWorld_2147482375.StaticMeshComponent_2147481985,-3648.031982,-3662.203613,-13.138046,73.276230,231785,3,0.000000,0.000000,337.993111,3777.755119,2658.764730,1000000000.000000,1000000000.000000,5039.887371,180.806968,1,1,0,1.016841,57947,13908
/Game/SurvivalGame/Maps/Homestead.Homestead:PersistentLevel.HomesteadWorld_2147482375.StaticMeshComponent_2147481984,-849.487549,-1592.184570,-26.659826,-111.608307,231785,3,0.000000,0.000000,359.763697,851.872529,755.247828,1000000000.000000,1000000000.000000,1892.679709,90.388382,1,1,0,1.082337,57947,13908
/Game/SurvivalGame/Maps/Homestead.Homestead:PersistentLevel.HomesteadWorld_2147482375.StaticMeshComponent_2147481983,3348.328125,1512.843750,42.320827,-28.935150,231785,3,0.000000,0.000000,359.180106,3856.730045,725.072430,1000000000.000000,1000000000.000000,1385.228056,90.791150,1,1,0,1.080581,57947,13908
/Game/SurvivalGame/Maps/Homestead.Homestead:PersistentLevel.HomesteadWorld_2147482375.StaticMeshComponent_2147481982,-2952.399170,2547.853516,-11.521799,-121.377426,231785,3,0.000000,0.000000,336.825889,2468.694432,1366.850873,1000000000.000000,1000000000.000000,4158.421574,106.259157,1,1,0,1.013330,57947,13908
/Game/SurvivalGame/Maps/Homestead.Homestead:PersistentLevel.HomesteadWorld_2147482375.StaticMeshComponent_2147481981,-1553.127441,3582.863770,-13.171823,146.180298,231785,3,0.000000,0.000000,314.471672,2890.161660,1497.171086,1000000000.000000,1000000000.000000,2597.878096,98.728015,1,1,0,0.946078,57947,13908
/Game/SurvivalGame/Maps/Homestead.Homestead:PersistentLevel.HomesteadWorld_2147482375.StaticMeshComponent_2147481980,-153.854736,-3082.126465,-4.675102,53.737991,231785,3,0.000000,0.000000,358.596515,2449.069848,677.176624,1000000000.000000,1000000000.000000,1479.235871,91.196005,1,1,0,1.078826,57947,13908
/Game/SurvivalGame/Maps/Homestead.Homestead:PersistentLevel.HomesteadWorld_2147482375.StaticMeshComponent_2147481979,2644.689453,-1012.107666,17.261330,-131.146545,231785,3,0.000000,0.000000,313.888061,3047.619018,390.446776,1000000000.000000,1000000000.000000,1036.357135,108.656167,1,1,0,0.944322,57947,13908
/Game/SurvivalGame/Maps/Homestead.Homestead:PersistentLevel.HomesteadWorld_2147482375.StaticMeshComponent_2147481978,-3656.038818,22.901855,-8.605577,136.411179,231785,3,0.000000,0.000000,358.012884,1909.201264,1250.058985,1000000000.000000,1000000000.000000,4869.254743,91.599805,1,1,0,1.077070,57947,13908
/Game/SurvivalGame/Maps/Homestead.Homestead:PersistentLevel.HomesteadWorld_2147482375.StaticMeshComponent_2147481977,541.777832,3127.930176,11.192676,-140.915665,231785,3,0.000000,0.000000,357.429293,2740.488000,1450.790998,1000000000.000000,1000000000.000000,541.356815,92.003108,1,1,0,1.075314,57947,13908
/Game/SurvivalGame/Maps/Homestead.Homestead:PersistentLevel.HomesteadWorld_2147482375.StaticMeshComponent_2147481976,3340.322266,-2502.050537,12.044250,34.199795,231785,3,0.000000,0.000000,312.720859,4275.182783,876.822431,1000000000.000000,1000000000.000000,1563.174561,99.939511,1,1,0,0.940810,57947,13908
/Game/SurvivalGame/Maps/Homestead.Homestead:PersistentLevel.HomesteadWorld_2147482375.StaticMeshComponent_2147481975,-2960.405273,-1467.041016,-39.607410,-58.242462,231785,3,0.000000,0.000000,356.845702,1701.929959,748.203308,1000000000.000000,1000000000.000000,3994.974654,92.407464,1,1,0,1.073558,57947,13908
/Game/SurvivalGame/Maps/Homestead.Homestead:PersistentLevel.HomesteadWorld_2147482375.StaticMeshComponent_2147481974,2636.683594,2672.997070,47.651051,-68.011597,231785,3,0.000000,0.000000,333.907854,3772.946273,809.191885,1000000000.000000,1000000000.000000,886.973414,89.984483,1,1,0,1.004551,57947,13908
/Game/SurvivalGame/Maps/Homestead.Homestead:PersistentLevel.HomesteadWorld_2147482375.StaticMeshComponent_2147481973,-3664.044922,3708.006348,-13.137174,-160.453857,231785,3,0.000000,0.000000,311.553657,3831.433991,2728.824319,1000000000.000000,1000000000.000000,4705.226662,100.747134,1,1,0,0.937299,57947,13908
/Game/SurvivalGame/Maps/Homestead.Homestead:PersistentLevel.HomesteadWorld_2147482375.StaticMeshComponent_2147481972,-2264.772461,-2956.984131,-44.772964,107.103821,231785,3,0.000000,0.000000,355.678480,2469.812152,1451.700804,1000000000.000000,1000000000.000000,3568.262573,93.214138,1,1,0,1.070047,57947,13908
/Game/SurvivalGame/Maps/Homestead.Homestead:PersistentLevel.HomesteadWorld_2147482375.StaticMeshComponent_2147481971,-865.500732,-1921.974609,-24.000854,14.661555,231785,3,0.000000,0.000000,333.324263,1186.423425,951.085844,1000000000.000000,1000000000.000000,1958.993796,90.388382,1,1,0,1.002795,57947,13908
/Game/SurvivalGame/Maps/Homestead.Homestead:PersistentLevel.HomesteadWorld_2147482375.StaticMeshComponent_2147481970,3332.316406,1183.054688,36.190361,97.334702,231785,3,0.000000,0.000000,332.740672,3750.851115,801.208221,1000000000.000000,1000000000.000000,1367.983731,90.791150,1,1,0,1.001039,57947,13908
/Game/SurvivalGame/Maps/Homestead.Homestead:PersistentLevel.HomesteadWorld_2147482375.StaticMeshComponent_2147481969,-2968.412109,2218.064453,-12.866518,4.892435,231785,3,0.000000,0.000000,310.386435,2231.503976,1088.588358,1000000000.000000,1000000000.000000,4254.296209,101.554791,1,1,0,0.933787,57947,13908
/Game/SurvivalGame/Maps/Homestead.Homestead:PersistentLevel.HomesteadWorld_2147482375.StaticMeshComponent_2147481968,-1569.139404,3253.073730,-5.071039,-87.549835,231785,3,0.000000,0.000000,354.511298,2556.496986,1194.554421,1000000000.000000,1000000000.000000,2634.426615,94.022732,1,1,0,1.066535,57947,13908
/Game/SurvivalGame/Maps/Homestead.Homestead:PersistentLevel.HomesteadWorld_2147482375.StaticMeshComponent_2147481967,-169.867676,-3411.916504,-1.560012,-179.992096,231785,3,0.000000,0.000000,332.157061,2771.516309,987.182518,1000000000.000000,1000000000.000000,1547.208386,91.196005,1,1,0,0.999283,57947,13908
/Game/SurvivalGame/Maps/Homestead.Homestead:PersistentLevel.HomesteadWorld_2147482375.StaticMeshComponent_2147481966,-3672.051025,-306.888184,-16.051416,-97.318970,231785,3,0.000000,0.000000,331.573450,1949.839028,1466.435796,1000000000.000000,1000000000.000000,4819.904798,91.599805,1,1,0,0.997528,57947,13908
/Game/SurvivalGame/Maps/Homestead.Homestead:PersistentLevel.HomesteadWorld_2147482375.StaticMeshComponent_2147481965,525.766113,2798.140625,13.125804,-14.645752,231785,3,0.000000,0.000000,330.989859,2447.472170,1243.094101,1000000000.000000,1000000000.000000,626.865371,92.003108,1,1,0,0.995772,57947,13908
/Game/SurvivalGame/Maps/Homestead.Homestead:PersistentLevel.HomesteadWorld_2147482375.StaticMeshComponent_2147481964,1925.037598,3833.149902,32.448513,-107.088074,231785,3,0.000000,0.000000,308.635622,4088.142762,1937.231382,1000000000.000000,1000000000.000000,325.908710,102.766273,1,1,0,0.928520,57947,13908
/Game/SurvivalGame/Maps/Homestead.Homestead:PersistentLevel.HomesteadWorld_2147482375.StaticMeshComponent_2147481963,3324.310059,-2831.840576,12.148210,160.469650,231785,3,0.000000,0.000000,352.760446,4423.526260,1118.244835,1000000000.000000,1000000000.000000,1463.997828,95.234240,1,1,0,1.061268,57947,13908
/Game/SurvivalGame/Maps/Homestead.Homestead:PersistentLevel.HomesteadWorld_2147482375.StaticMeshComponent_2147481962,-2976.417969,-1796.831055,-44.983826,68.027390,231785,3,0.000000,0.000000,330.406248,1931.648763,876.090066,1000000000.000000,1000000000.000000,4051.456537,92.407464,1,1,0,0.994016,57947,13908
/Game/SurvivalGame/Maps/Homestead.Homestead:PersistentLevel.HomesteadWorld_2147482375.StaticMeshComponent_2147481961,2620.670410,2343.207031,47.509995,58.258266,231785,3,0.000000,0.000000,307.468420,3579.506286,505.459742,1000000000.000000,1000000000.000000,804.442108,103.572933,1,1,0,0.925009,57947,13908
/Game/SurvivalGame/Maps/Homestead.Homestead:PersistentLevel.HomesteadWorld_2147482375.StaticMeshComponent_2147481960,-3680.056885,3378.216309,-12.772457,-34.183990,231785,3,0.000000,0.000000,351.593263,3566.999755,2438.413463,1000000000.000000,1000000000.000000,4731.006572,96.040911,1,1,0,1.057757,57947,13908
/Game/SurvivalGame/Maps/Homestead.Homestead:PersistentLevel.HomesteadWorld_2147482375.StaticMeshComponent_2147481959,-2280.785156,-3286.773193,-41.658375,-126.626266,231785,3,0.000000,0.000000,329.239046,2788.359164,1787.370964,1000000000.000000,1000000000.000000,3644.800334,93.214138,1,1,0,0.990505,57947,13908
/Game/SurvivalGame/Maps/Homestead.Homestead:PersistentLevel.HomesteadWorld_2147482375.StaticMeshComponent_2147481958,-881.512695,-2251.763672,-21.698784,140.931458,231785,3,0.000000,0.000000,306.884809,1521.786156,969.404183,1000000000.000000,1000000000.000000,2045.622407,108.682051,1,1,0,0.923253,57947,13908
/Game/SurvivalGame/Maps/Homestead.Homestead:PersistentLevel.HomesteadWorld_2147482375.StaticMeshComponent_2147481957,3316.303223,853.264648,28.688599,-136.395386,231785,3,0.000000,0.000000,306.301198,3666.898685,969.108113,1000000000.000000,1000000000.000000,1380.768820,104.381564,1,1,0,0.921497,57947,13908
/Game/SurvivalGame/Maps/Homestead.Homestead:PersistentLevel.HomesteadWorld_2147482375.StaticMeshComponent_2147481956,-2984.424072,1888.274414,-13.539003,131.162338,231785,3,0.000000,0.000000,350.426042,1994.373160,819.058964,1000000000.000000,1000000000.000000,4321.292118,96.849489,1,1,0,1.054245,57947,13908
/Game/SurvivalGame/Maps/Homestead.Homestead:PersistentLevel.HomesteadWorld_2147482375.StaticMeshComponent_2147481955,-1585.151611,2923.283691,0.947708,38.720070,231785,3,0.000000,0.000000,328.071824,2242.443822,930.903410,1000000000.000000,1000000000.000000,2713.055983,94.022732,1,1,0,0.986993,57947,13908
/Game/SurvivalGame/Maps/Homestead.Homestead:PersistentLevel.HomesteadWorld_2147482375.StaticMeshComponent_2147481954,-185.879883,-3741.706543,0.075837,-53.722229,231785,3,0.000000,0.000000,305.717607,3096.473789,1308.603257,1000000000.000000,1000000000.000000,1587.991312,109.490680,1,1,0,0.919741,57947,13908
/Game/SurvivalGame/Maps/Homestead.Homestead:PersistentLevel.HomesteadWorld_2147482375.StaticMeshComponent_2147481953,1213.392578,-2706.697266,-5.127652,-146.164520,231785,3,0.000000,0.000000,349.842451,2751.748003,638.022746,1000000000.000000,1000000000.000000,39.980810,97.253102,1,1,0,1.052489,57947,13908
/Game/SurvivalGame/Maps/Homestead.Homestead:PersistentLevel.HomesteadWorld_2147482375.StaticMeshComponent_2147481952,-3688.062988,-636.678223,-24.406038,28.950949,231785,3,0.000000,0.000000,305.133996,2029.815338,1601.093640,1000000000.000000,1000000000.000000,4781.842027,105.189005,1,1,0,0.917985,57947,13908
/Game/SurvivalGame/Maps/Homestead.Homestead:PersistentLevel.HomesteadWorld_2147482375.StaticMeshComponent_2147481951,-2288.791260,398.331543,-22.095381,-63.491333,231785,3,0.000000,0.000000,349.258820,604.378355,192.213217,1000000000.000000,1000000000.000000,3585.192201,97.657389,1,1,0,1.050734,57947,13908
/Game/SurvivalGame/Maps/Homestead.Homestead:PersistentLevel.HomesteadWorld_2147482375.StaticMeshComponent_2147481950,1909.025391,3503.359863,37.550049,19.181828,231785,3,0.000000,0.000000,348.675229,3809.267328,1602.275606,1000000000.000000,1000000000.000000,289.718124,98.060995,1,1,0,1.048978,57947,13908
/Game/SurvivalGame/Maps/Homestead.Homestead:PersistentLevel.HomesteadWorld_2147482375.StaticMeshComponent_2147481949,3308.297363,-3161.630615,11.814837,-73.260437,231785,3,0.000000,0.000000,326.321012,4605.550945,1396.691223,1000000000.000000,1000000000.000000,1394.515046,95.234240,1,1,0,0.981726,57947,13908
/Game/SurvivalGame/Maps/Homestead.Homestead:PersistentLevel.HomesteadWorld_2147482375.StaticMeshComponent_2147481948,-2992.430176,-2126.621094,-48.024632,-165.702713,231785,3,0.000000,0.000000,303.966794,2181.851639,1079.293285,1000000000.000000,1000000000.000000,4131.478246,105.995909,1,1,0,0.914474,57947,13908
/Game/SurvivalGame/Maps/Homestead.Homestead:PersistentLevel.HomesteadWorld_2147482375.StaticMeshComponent_2147481947,2604.658203,2013.417969,44.621925,-175.471832,231785,3,0.000000,0.000000,347.508047,3384.759276,212.997765,1000000000.000000,1000000000.000000,710.274965,103.572933,1,1,0,1.045466,57947,13908
/Game/SurvivalGame/Maps/Homestead.Homestead:PersistentLevel.HomesteadWorld_2147482375.StaticMeshComponent_2147481946,-3696.069824,3048.427246,-12.035967,92.085861,231785,3,0.000000,0.000000,325.153810,3331.567705,2178.912866,1000000000.000000,1000000000.000000,4801.402464,91.336556,1,1,0,0.978214,57947,13908
/Game/SurvivalGame/Maps/Homestead.Homestead:PersistentLevel.HomesteadWorld_2147482375.StaticMeshComponent_2147481945,-2296.797363,-3616.563232,-35.789391,-0.356415,231785,3,0.000000,0.000000,302.799592,3110.045780,2123.512010,1000000000.000000,1000000000.000000,3696.513969,111.509793,1,1,0,0.910963,57947,13908
/Game/SurvivalGame/Maps/Homestead.Homestead:PersistentLevel.HomesteadWorld_2147482375.StaticMeshComponent_2147481944,3300.291016,523.474609,21.089436,-10.125519,231785,3,0.000000,0.000000,346.340825,3588.259205,1179.588173,1000000000.000000,1000000000.000000,1401.960185,99.675995,1,1,0,1.041955,57947,13908
/Game/SurvivalGame/Maps/Homestead.Homestead:PersistentLevel.HomesteadWorld_2147482375.StaticMeshComponent_2147481943,-3000.436035,1558.484375,-13.300491,-102.567810,231785,3,0.000000,0.000000,323.986608,1798.143031,619.425802,1000000000.000000,1000000000.000000,4385.051455,92.144253,1,1,0,0.974703,57947,13908
/Game/SurvivalGame/Maps/Homestead.Homestead:PersistentLevel.HomesteadWorld_2147482375.StaticMeshComponent_2147481942,-201.891846,3628.503418,-7.709844,72.547661,231785,3,0.000000,0.000000,345.757234,2971.622805,1479.360383,1000000000.000000,1000000000.000000,1236.078567,100.080112,1,1,0,1.040199,57947,13908
/Game/SurvivalGame/Maps/Homestead.Homestead:PersistentLevel.HomesteadWorld_2147482375.StaticMeshComponent_2147481941,1197.379883,-3036.487061,0.564817,-19.894623,231785,3,0.000000,0.000000,323.402997,3010.598573,893.232098,1000000000.000000,1000000000.000000,129.563042,92.548027,1,1,0,0.972947,57947,13908
/Game/SurvivalGame/Maps/Homestead.Homestead:PersistentLevel.HomesteadWorld_2147482375.StaticMeshComponent_2147481940,-3704.075928,-966.468018,-32.377003,155.220810,231785,3,0.000000,0.000000,345.173603,2128.140186,1512.949715,1000000000.000000,1000000000.000000,4747.327141,100.483900,1,1,0,1.038443,57947,13908
/Game/SurvivalGame/Maps/Homestead.Homestead:PersistentLevel.HomesteadWorld_2147482375.StaticMeshComponent_2147481939,-2304.803223,68.541260,-22.451847,62.778542,231785,3,0.000000,0.000000,322.819386,569.194991,520.220264,1000000000.000000,1000000000.000000,3537.798919,92.951651,1,1,0,0.971191,57947,13908
/Game/SurvivalGame/Maps/Homestead.Homestead:PersistentLevel.HomesteadWorld_2147482375.StaticMeshComponent_2147481938,-905.531738,1103.550781,3.180905,-29.663727,231785,3,0.000000,0.000000,300.465168,376.232273,392.529477,1000000000.000000,1000000000.000000,2305.891624,367.202551,1,1,0,0.903939,57947,13908
/Game/SurvivalGame/Maps/Homestead.Homestead:PersistentLevel.HomesteadWorld_2147482375.StaticMeshComponent_2147481937,1893.012695,3173.569824,40.098991,145.451691,231785,3,0.000000,0.000000,322.235795,3557.057237,1287.958160,1000000000.000000,1000000000.000000,243.027221,93.354687,1,1,0,0.969436,57947,13908
/Game/SurvivalGame/Maps/Homestead.Homestead:PersistentLevel.HomesteadWorld_2147482375.StaticMeshComponent_2147481936,3292.285156,-3491.419678,11.747633,53.009418,231785,3,0.000000,0.000000,299.881577,4801.770407,1664.235790,1000000000.000000,1000000000.000000,1346.885446,108.823618,1,1,0,0.902184,57947,13908
/Game/SurvivalGame/Maps/Homestead.Homestead:PersistentLevel.HomesteadWorld_2147482375.StaticMeshComponent_2147481935,-3008.443115,-2456.410156,-47.983292,-39.432861,231785,3,0.000000,0.000000,344.006421,2429.834951,1311.210054,1000000000.000000,1000000000.000000,4207.515623,101.291535,1,1,0,1.034932,57947,13908
/Game/SurvivalGame/Maps/Homestead.Homestead:PersistentLevel.HomesteadWorld_2147482375.StaticMeshComponent_2147481934,-3712.082031,2718.637207,-10.383988,-141.644241,231785,3,0.000000,0.000000,365.193416,3091.220693,1919.133013,1000000000.000000,1000000000.000000,4872.500643,86.631243,1,1,0,1.098672,57947,13908
/Game/SurvivalGame/Maps/Homestead.Homestead:PersistentLevel.HomesteadWorld_2147482375.StaticMeshComponent_2147481933,-2312.809326,3753.646973,-13.486249,125.913490,231785,3,0.000000,0.000000,342.839199,3233.770454,2029.128628,1000000000.000000,1000000000.000000,3345.018692,102.099239,1,1,0,1.031420,57947,13908
/Game/SurvivalGame/Maps/Homestead.Homestead:PersistentLevel.HomesteadWorld_2147482375.StaticMeshComponent_2147481932,-913.537598,-2911.343750,-19.834063,33.471222,231785,3,0.000000,0.000000,320.484982,2175.852208,1142.053264,1000000000.000000,1000000000.000000,2217.677621,94.567133,1,1,0,0.964168,57947,13908
/Game/SurvivalGame/Maps/Homestead.Homestead:PersistentLevel.HomesteadWorld_2147482375.StaticMeshComponent_2147481931,3284.279297,193.684814,14.555983,116.144371,231785,3,0.000000,0.000000,319.901371,3552.038000,1444.608997,1000000000.000000,1000000000.000000,1459.507562,94.971015,1,1,0,0.962413,57947,13908
/Game/SurvivalGame/Maps/Homestead.Homestead:PersistentLevel.HomesteadWorld_2147482375.StaticMeshComponent_2147481930,-3016.449219,1228.694336,-12.340739,23.702103,231785,3,0.000000,0.000000,364.026195,1612.739671,499.351543,1000000000.000000,1000000000.000000,4402.774965,87.438899,1,1,0,1.095161,57947,13908
/Game/SurvivalGame/Maps/Homestead.Homestead:PersistentLevel.HomesteadWorld_2147482375.StaticMeshComponent_2147481929,-217.904785,3298.713379,-3.259466,-161.182480,231785,3,0.000000,0.000000,319.317780,2653.700589,1168.846703,1000000000.000000,1000000000.000000,1286.775994,95.374782,1,1,0,0.960657,57947,13908
/Game/SurvivalGame/Maps/Homestead.Homestead:PersistentLevel.HomesteadWorld_2147482375.StaticMeshComponent_2147481928,1181.367676,-3366.277100,8.583114,106.375252,231785,3,0.000000,0.000000,363.442603,3262.851014,1154.979191,1000000000.000000,1000000000.000000,182.797095,87.842725,1,1,0,1.093405,57947,13908
/Game/SurvivalGame/Maps/Homestead.Homestead:PersistentLevel.HomesteadWorld_2147482375.StaticMeshComponent_2147481927,-3720.087891,-1296.258057,-38.659988,-78.509277,231785,3,0.000000,0.000000,318.734169,2276.863856,1503.790856,1000000000.000000,1000000000.000000,4759.007497,95.777628,1,1,0,0.958901,57947,13908
/Game/SurvivalGame/Maps/Homestead.Homestead:PersistentLevel.HomesteadWorld_2147482375.StaticMeshComponent_2147481926,-2320.816406,-261.248535,-22.988167,-170.951553,231785,3,0.000000,0.000000,362.859012,598.156694,621.951643,1000000000.000000,1000000000.000000,3469.826244,92.951651,1,1,0,1.091649,57947,13908
/Game/SurvivalGame/Maps/Homestead.Homestead:PersistentLevel.HomesteadWorld_2147482375.StaticMeshComponent_2147481925,1877.000488,2843.780762,40.183506,-88.278412,231785,3,0.000000,0.000000,362.275421,3297.180994,960.422563,1000000000.000000,1000000000.000000,156.176643,93.354687,1,1,0,1.089894,57947,13908
/Game/SurvivalGame/Maps/Homestead.Homestead:PersistentLevel.HomesteadWorld_2147482375.StaticMeshComponent_2147481924,3276.272949,-3821.209717,12.707569,179.279327,231785,3,0.000000,0.000000,339.921164,4992.781704,1932.992574,1000000000.000000,1000000000.000000,1309.605144,108.823618,1,1,0,1.022642,57947,13908
/Game/SurvivalGame/Maps/Homestead.Homestead:PersistentLevel.HomesteadWorld_2147482375.StaticMeshComponent_2147481923,-3024.455078,-2786.200195,-44.639820,86.837013,231785,3,0.000000,0.000000,317.566967,2708.043078,1589.090891,1000000000.000000,1000000000.000000,4303.694082,96.586252,1,1,0,0.955390,57947,13908
/Game/SurvivalGame/Maps/Homestead.Homestead:PersistentLevel.HomesteadWorld_2147482375.StaticMeshComponent_2147481922,2572.633301,1353.837891,34.189663,77.067932,231785,3,0.000000,0.000000,361.108199,3072.773449,72.888286,1000000000.000000,1000000000.000000,601.185909,98.981948,1,1,0,1.086382,57947,13908
/Game/SurvivalGame/Maps/Homestead.Homestead:PersistentLevel.HomesteadWorld_2147482375.StaticMeshComponent_2147481921,-3728.093994,2388.847168,-7.628109,-15.374390,231785,3,0.000000,0.000000,338.753982,2884.445362,1701.967319,1000000000.000000,1000000000.000000,4969.255611,86.631243,1,1,0,1.019130,57947,13908
/Game/SurvivalGame/Maps/Homestead.Homestead:PersistentLevel.HomesteadWorld_2147482375.StaticMeshComponent_2147481920,-2328.822266,3423.856934,-7.893107,-107.816650,231785,3,0.000000,0.000000,316.399745,2937.009135,1801.482830,1000000000.000000,1000000000.000000,3384.732618,97.393908,1,1,0,0.951878,57947,13908
/Game/SurvivalGame/Maps/Homestead.Homestead:PersistentLevel.HomesteadWorld_2147482375.StaticMeshComponent_2147481919,-929.549805,-3241.133789,-20.059519,159.741089,231785,3,0.000000,0.000000,360.524608,2494.282993,1320.778133,1000000000.000000,1000000000.000000,2279.024728,89.861629,1,1,0,1.084626,57947,13908
/Game/SurvivalGame/Maps/Homestead.Homestead:PersistentLevel.HomesteadWorld_2147482375.StaticMeshComponent_2147481918,1868.994629,-1171.114746,15.474524,-25.143463,231785,3,0.000000,0.000000,315.816154,2363.301647,467.064447,1000000000.000000,1000000000.000000,267.456050,97.797723,1,1,0,0.950122,57947,13908
/Game/SurvivalGame/Maps/Homestead.Homestead:PersistentLevel.HomesteadWorld_2147482375.StaticMeshComponent_2147481917,3268.266113,-136.105225,9.909948,-117.585770,231785,3,0.000000,0.000000,359.940978,3522.977260,1425.787172,1000000000.000000,1000000000.000000,1506.283927,90.265642,1,1,0,1.082870,57947,13908
/Game/SurvivalGame/Maps/Homestead.Homestead:PersistentLevel.HomesteadWorld_2147482375.StaticMeshComponent_2147481916,-3032.461182,898.904297,-11.222076,149.971954,231785,3,0.000000,0.000000,337.586760,1480.964098,418.742130,1000000000.000000,1000000000.000000,4408.357226,87.438899,1,1,0,1.015619,57947,13908
/Game/SurvivalGame/Maps/Homestead.Homestead:PersistentLevel.HomesteadWorld_2147482375.StaticMeshComponent_2147481915,-233.916992,2968.923340,2.639864,-34.912567,231785,3,0.000000,0.000000,359.357387,2318.868122,847.895378,1000000000.000000,1000000000.000000,1344.549352,95.374782,1,1,0,1.081115,57947,13908
/Game/SurvivalGame/Maps/Homestead.Homestead:PersistentLevel.HomesteadWorld_2147482375.StaticMeshComponent_2147481914,1165.355469,-3696.067139,17.190952,-127.354843,231785,3,0.000000,0.000000,337.003169,3542.404594,1421.263696,1000000000.000000,1000000000.000000,227.630599,87.842725,1,1,0,1.013863,57947,13908
/Game/SurvivalGame/Maps/Homestead.Homestead:PersistentLevel.HomesteadWorld_2147482375.StaticMeshComponent_2147481913,2564.627441,-2661.056641,7.410670,140.202835,231785,3,0.000000,0.000000,314.648932,3713.152045,590.556158,1000000000.000000,1000000000.000000,751.370187,98.605379,1,1,0,0.946611,57947,13908
/Game/SurvivalGame/Maps/Homestead.Homestead:PersistentLevel.HomesteadWorld_2147482375.StaticMeshComponent_2147481912,-3736.100098,-1626.047119,-42.206055,47.760574,231785,3,0.000000,0.000000,358.773795,2435.666661,1539.309007,1000000000.000000,1000000000.000000,4782.809432,91.073465,1,1,0,1.079359,57947,13908
/Game/SurvivalGame/Maps/Homestead.Homestead:PersistentLevel.HomesteadWorld_2147482375.StaticMeshComponent_2147481911,3260.260254,3549.000488,23.353067,-54.450806,231785,3,0.000000,0.000000,313.481730,4809.958465,1868.604332,1000000000.000000,1000000000.000000,1653.562091,99.413028,1,1,0,0.943099,57947,13908
/Game/SurvivalGame/Maps/Homestead.Homestead:PersistentLevel.HomesteadWorld_2147482375.StaticMeshComponent_2147481910,-3040.467285,-3115.990234,-38.367844,-146.893082,231785,3,0.000000,0.000000,357.606574,2977.808187,1866.112496,1000000000.000000,1000000000.000000,4371.782432,91.880993,1,1,0,1.075848,57947,13908
/Game/SurvivalGame/Maps/Homestead.Homestead:PersistentLevel.HomesteadWorld_2147482375.StaticMeshComponent_2147481909,-3744.106934,2059.057129,-4.017630,110.895523,231785,3,0.000000,0.000000,312.314528,2696.157003,1518.998572,1000000000.000000,1000000000.000000,5061.339800,100.220663,1,1,0,0.939588,57947,13908
/Game/SurvivalGame/Maps/Homestead.Homestead:PersistentLevel.HomesteadWorld_2147482375.StaticMeshComponent_2147481908,-2344.834473,3094.066895,-4.937380,18.453255,231785,3,0.000000,0.000000,356.439352,2627.186506,1585.816727,1000000000.000000,1000000000.000000,3433.826403,92.688595,1,1,0,1.072336,57947,13908
/Game/SurvivalGame/Maps/Homestead.Homestead:PersistentLevel.HomesteadWorld_2147482375.StaticMeshComponent_2147481907,-945.562744,-3570.923584,-20.321144,-73.989014,231785,3,0.000000,0.000000,334.085135,2830.880933,1559.057344,1000000000.000000,1000000000.000000,2334.565633,89.861629,1,1,0,1.005084,57947,13908
/Game/SurvivalGame/Maps/Homestead.Homestead:PersistentLevel.HomesteadWorld_2147482375.StaticMeshComponent_2147481906,1852.982422,-1500.904785,9.886170,101.126404,231785,3,0.000000,0.000000,355.855761,2477.345015,329.568719,1000000000.000000,1000000000.000000,233.304553,97.797723,1,1,0,1.070580,57947,13908
/Game/SurvivalGame/Maps/Homestead.Homestead:PersistentLevel.HomesteadWorld_2147482375.StaticMeshComponent_2147481905,3252.254395,-465.895264,7.488518,8.684134,231785,3,0.000000,0.000000,333.501544,3537.401449,1140.611994,1000000000.000000,1000000000.000000,1565.955573,90.265642,1,1,0,1.003328,57947,13908
/Game/SurvivalGame/Maps/Homestead.Homestead:PersistentLevel.HomesteadWorld_2147482375.StaticMeshComponent_2147481904,-3048.473145,569.114258,-10.720349,-83.758148,231785,3,0.000000,0.000000,311.147306,1391.813632,474.103073,1000000000.000000,1000000000.000000,4386.746366,101.027391,1,1,0,0.936076,57947,13908
/Game/SurvivalGame/Maps/Homestead.Homestead:PersistentLevel.HomesteadWorld_2147482375.StaticMeshComponent_2147481903,2548.615234,-2990.846680,6.364960,-93.527252,231785,3,0.000000,0.000000,354.688539,3894.851011,892.782844,1000000000.000000,1000000000.000000,656.394651,93.900100,1,1,0,1.067069,57947,13908
/Game/SurvivalGame/Maps/Homestead.Homestead:PersistentLevel.HomesteadWorld_2147482375.StaticMeshComponent_2147481902,-3752.113037,-1955.837280,-42.438076,174.030472,231785,3,0.000000,0.000000,332.334322,2636.320036,1650.851233,1000000000.000000,1000000000.000000,4851.612031,91.073465,1,1,0,0.999817,57947,13908
/Game/SurvivalGame/Maps/Homestead.Homestead:PersistentLevel.HomesteadWorld_2147482375.StaticMeshComponent_2147481901,3244.248047,3219.210449,32.167580,71.819084,231785,3,0.000000,0.000000,353.521317,4581.282522,1563.023763,1000000000.000000,1000000000.000000,1592.538085,94.707709,1,1,0,1.063557,57947,13908
/Game/SurvivalGame/Maps/Homestead.Homestead:PersistentLevel.HomesteadWorld_2147482375.StaticMeshComponent_2147481900,-3056.480225,-3445.780273,-30.073206,-20.623230,231785,3,0.000000,0.000000,331.167120,3273.126140,2172.094102,1000000000.000000,1000000000.000000,4437.239572,91.880993,1,1,0,0.996305,57947,13908
/Game/SurvivalGame/Maps/Homestead.Homestead:PersistentLevel.HomesteadWorld_2147482375.StaticMeshComponent_2147481899,-257.935791,-1375.761230,-26.526682,154.492233,231785,3,0.000000,0.000000,352.937726,817.568785,552.359488,1000000000.000000,1000000000.000000,1289.365526,95.111547,1,1,0,1.061801,57947,13908
/Game/SurvivalGame/Maps/Homestead.Homestead:PersistentLevel.HomesteadWorld_2147482375.StaticMeshComponent_2147481898,-3760.119141,1729.267090,-0.205361,-122.834610,231785,3,0.000000,0.000000,352.354135,2511.683900,1364.540845,1000000000.000000,1000000000.000000,5119.205434,95.515356,1,1,0,1.060046,57947,13908
/Game/SurvivalGame/Maps/Homestead.Homestead:PersistentLevel.HomesteadWorld_2147482375.StaticMeshComponent_2147481897,-2360.846436,2764.276855,-4.637189,144.723114,231785,3,0.000000,0.000000,329.999918,2341.740825,1429.342411,1000000000.000000,1000000000.000000,3520.941417,92.688595,1,1,0,0.992794,57947,13908
/Game/SurvivalGame/Maps/Homestead.Homestead:PersistentLevel.HomesteadWorld_2147482375.StaticMeshComponent_2147481896,-961.574707,3799.286133,-19.234446,52.280846,231785,3,0.000000,0.000000,307.645681,3066.181677,1587.040658,1000000000.000000,1000000000.000000,2003.397273,103.450285,1,1,0,0.925542,57947,13908
/Game/SurvivalGame/Maps/Homestead.Homestead:PersistentLevel.HomesteadWorld_2147482375.StaticMeshComponent_2147481895,437.697754,-2865.704102,-3.933241,-40.161438,231785,3,0.000000,0.000000,351.770544,2460.878481,356.975337,1000000000.000000,1000000000.000000,848.812769,95.918238,1,1,0,1.058290,57947,13908
/Game/SurvivalGame/Maps/Homestead.Homestead:PersistentLevel.HomesteadWorld_2147482375.StaticMeshComponent_2147481894,3236.242188,-795.684326,7.119445,134.953995,231785,3,0.000000,0.000000,307.062090,3577.179589,877.261132,1000000000.000000,1000000000.000000,1609.039366,103.855122,1,1,0,0.923786,57947,13908
/Game/SurvivalGame/Maps/Homestead.Homestead:PersistentLevel.HomesteadWorld_2147482375.StaticMeshComponent_2147481893,-3064.486328,239.325195,-11.602728,42.511726,231785,3,0.000000,0.000000,351.186913,1333.223823,644.336054,1000000000.000000,1000000000.000000,4327.446821,96.323006,1,1,0,1.056534,57947,13908
/Game/SurvivalGame/Maps/Homestead.Homestead:PersistentLevel.HomesteadWorld_2147482375.StaticMeshComponent_2147481892,2532.602539,-3320.636719,7.435732,32.742607,231785,3,0.000000,0.000000,328.249105,4109.411889,1220.675538,1000000000.000000,1000000000.000000,596.371744,93.900100,1,1,0,0.987527,57947,13908
/Game/SurvivalGame/Maps/Homestead.Homestead:PersistentLevel.HomesteadWorld_2147482375.StaticMeshComponent_2147481891,-3768.125000,-2285.627197,-39.366978,-59.699677,231785,3,0.000000,0.000000,305.894888,2856.967437,1811.459600,1000000000.000000,1000000000.000000,4939.768186,104.662724,1,1,0,0.920275,57947,13908
/Game/SurvivalGame/Maps/Homestead.Homestead:PersistentLevel.HomesteadWorld_2147482375.StaticMeshComponent_2147481890,3228.236328,2889.420410,39.902515,-161.911057,231785,3,0.000000,0.000000,327.081883,4382.642880,1290.194295,1000000000.000000,1000000000.000000,1526.223855,94.707709,1,1,0,0.984015,57947,13908
/Game/SurvivalGame/Maps/Homestead.Homestead:PersistentLevel.HomesteadWorld_2147482375.StaticMeshComponent_2147481889,-3072.492188,-3775.570312,-21.017033,105.646675,231785,3,0.000000,0.000000,304.727666,3574.480417,2485.395671,1000000000.000000,1000000000.000000,4474.979008,110.175656,1,1,0,0.916763,57947,13908
/Game/SurvivalGame/Maps/Homestead.Homestead:PersistentLevel.HomesteadWorld_2147482375.StaticMeshComponent_2147481888,-1673.219727,-2740.560547,-35.993725,13.204408,231785,3,0.000000,0.000000,348.852509,2077.581716,1252.703441,1000000000.000000,1000000000.000000,2934.217962,97.938345,1,1,0,1.049511,57947,13908
/Game/SurvivalGame/Maps/Homestead.Homestead:PersistentLevel.HomesteadWorld_2147482375.StaticMeshComponent_2147481887,-273.947998,-1705.551270,-24.615377,-79.237854,231785,3,0.000000,0.000000,326.498292,1115.257002,517.059757,1000000000.000000,1000000000.000000,1338.148106,95.111547,1,1,0,0.982259,57947,13908
/Game/SurvivalGame/Maps/Homestead.Homestead:PersistentLevel.HomesteadWorld_2147482375.StaticMeshComponent_2147481886,-3776.131104,1399.477051,2.897039,3.435287,231785,3,0.000000,0.000000,325.914681,2370.683748,1282.790843,1000000000.000000,1000000000.000000,5170.024194,95.515356,1,1,0,0.980503,57947,13908
/Game/SurvivalGame/Maps/Homestead.Homestead:PersistentLevel.HomesteadWorld_2147482375.StaticMeshComponent_2147481885,-977.586914,3469.497070,-11.366951,178.550751,231785,3,0.000000,0.000000,347.685287,2725.429496,1247.403904,1000000000.000000,1000000000.000000,2020.989724,98.745994,1,1,0,1.046000,57947,13908
/Game/SurvivalGame/Maps/Homestead.Homestead:PersistentLevel.HomesteadWorld_2147482375.StaticMeshComponent_2147481884,421.685059,-3195.493164,3.092900,86.108437,231785,3,0.000000,0.000000,325.331070,2759.392507,685.635705,1000000000.000000,1000000000.000000,930.787118,91.213894,1,1,0,0.978748,57947,13908
/Game/SurvivalGame/Maps/Homestead.Homestead:PersistentLevel.HomesteadWorld_2147482375.StaticMeshComponent_2147481883,3220.229004,-1125.474365,8.216274,-98.776093,231785,3,0.000000,0.000000,347.101696,3623.743472,621.455047,1000000000.000000,1000000000.000000,1608.833201,99.149505,1,1,0,1.044244,57947,13908
/Game/SurvivalGame/Maps/Homestead.Homestead:PersistentLevel.HomesteadWorld_2147482375.StaticMeshComponent_2147481882,-3080.498291,-90.464844,-14.397992,168.781631,231785,3,0.000000,0.000000,324.747479,1344.534891,902.787259,1000000000.000000,1000000000.000000,4277.257773,91.617697,1,1,0,0.976992,57947,13908
/Game/SurvivalGame/Maps/Homestead.Homestead:PersistentLevel.HomesteadWorld_2147482375.StaticMeshComponent_2147481881,2516.590332,-3650.426758,11.027217,159.012512,231785,3,0.000000,0.000000,301.809651,4337.011339,1552.057249,1000000000.000000,1000000000.000000,561.875651,112.194780,1,1,0,0.907984,57947,13908
/Game/SurvivalGame/Maps/Homestead.Homestead:PersistentLevel.HomesteadWorld_2147482375.StaticMeshComponent_2147481880,-3784.137207,-2615.417236,-33.581436,66.570236,231785,3,0.000000,0.000000,345.934475,3076.259125,1992.968489,1000000000.000000,1000000000.000000,5018.391102,99.957464,1,1,0,1.040732,57947,13908
/Game/SurvivalGame/Maps/Homestead.Homestead:PersistentLevel.HomesteadWorld_2147482375.StaticMeshComponent_2147481879,3212.223145,2559.630371,45.353973,-35.641144,231785,3,0.000000,0.000000,300.642449,4197.545757,1042.038884,1000000000.000000,1000000000.000000,1446.244910,108.297135,1,1,0,0.904473,57947,13908
/Game/SurvivalGame/Maps/Homestead.Homestead:PersistentLevel.HomesteadWorld_2147482375.StaticMeshComponent_2147481878,-3088.504395,3594.639648,-11.211866,-128.083466,231785,3,0.000000,0.000000,344.767292,3413.967134,2392.938736,1000000000.000000,1000000000.000000,4124.457272,100.764112,1,1,0,1.037221,57947,13908
/Game/SurvivalGame/Maps/Homestead.Homestead:PersistentLevel.HomesteadWorld_2147482375.StaticMeshComponent_2147481877,-1689.232666,-3070.350586,-37.111954,139.474274,231785,3,0.000000,0.000000,322.413055,2409.462139,1580.122480,1000000000.000000,1000000000.000000,3022.390759,93.232271,1,1,0,0.969969,57947,13908
/Game/SurvivalGame/Maps/Homestead.Homestead:PersistentLevel.HomesteadWorld_2147482375.StaticMeshComponent_2147481876,-289.959961,-2035.341187,-20.820215,47.031998,231785,3,0.000000,0.000000,300.058838,1424.392402,435.359705,1000000000.000000,1000000000.000000,1412.463974,108.700138,1,1,0,0.902717,57947,13908
/Game/SurvivalGame/Maps/Homestead.Homestead:PersistentLevel.HomesteadWorld_2147482375.StaticMeshComponent_2147481875,-3792.144043,1069.687988,4.340128,129.705154,231785,3,0.000000,0.000000,299.475227,2258.947055,1206.939101,1000000000.000000,1000000000.000000,5191.165016,109.104765,1,1,0,0.900961,57947,13908
/Game/SurvivalGame/Maps/Homestead.Homestead:PersistentLevel.HomesteadWorld_2147482375.StaticMeshComponent_2147481874,-993.599854,3139.707031,-3.069585,-55.179382,231785,3,0.000000,0.000000,321.245853,2402.732381,926.562900,1000000000.000000,1000000000.000000,2084.639813,94.040638,1,1,0,0.966457,57947,13908
/Game/SurvivalGame/Maps/Homestead.Homestead:PersistentLevel.HomesteadWorld_2147482375.StaticMeshComponent_2147481873,405.672852,-3525.283203,9.231528,-147.621658,231785,3,0.000000,0.000000,365.370697,3046.270808,1000.903060,1000000000.000000,1000000000.000000,972.048612,91.213894,1,1,0,1.099206,57947,13908
/Game/SurvivalGame/Maps/Homestead.Homestead:PersistentLevel.HomesteadWorld_2147482375.StaticMeshComponent_2147481872,3204.217285,-1455.264160,9.967245,27.493759,231785,3,0.000000,0.000000,320.662262,3712.135905,435.077262,1000000000.000000,1000000000.000000,1596.874529,94.444478,1,1,0,0.964702,57947,13908
/Game/SurvivalGame/Maps/Homestead.Homestead:PersistentLevel.HomesteadWorld_2147482375.StaticMeshComponent_2147481871,-3096.510254,-420.254883,-19.217169,-64.948517,231785,3,0.000000,0.000000,364.787106,1389.445918,1100.793794,1000000000.000000,1000000000.000000,4212.471802,86.912206,1,1,0,1.097450,57947,13908
/Game/SurvivalGame/Maps/Homestead.Homestead:PersistentLevel.HomesteadWorld_2147482375.StaticMeshComponent_2147481870,-1697.238525,614.754883,-20.114895,-157.390778,231785,3,0.000000,0.000000,342.432849,186.833228,334.624642,1000000000.000000,1000000000.000000,3034.623786,102.380369,1,1,0,1.030198,57947,13908
/Game/SurvivalGame/Maps/Homestead.Homestead:PersistentLevel.HomesteadWorld_2147482375.StaticMeshComponent_2147481869,1101.305664,2684.773926,23.959896,17.724682,231785,3,0.000000,0.000000,364.203475,2660.712471,854.835485,1000000000.000000,1000000000.000000,66.789294,185.670655,1,1,0,1.095694,57947,13908
/Game/SurvivalGame/Maps/Homestead.Homestead:PersistentLevel.HomesteadWorld_2147482375.StaticMeshComponent_2147481868,2500.578125,3719.783203,31.564501,-74.717621,231785,3,0.000000,0.000000,341.849258,4365.358989,1807.158358,1000000000.000000,1000000000.000000,892.665083,102.784214,1,1,0,1.028442,57947,13908
/Game/SurvivalGame/Maps/Homestead.Homestead:PersistentLevel.HomesteadWorld_2147482375.StaticMeshComponent_2147481867,-3800.150146,-2945.207275,-26.114138,-167.159897,231785,3,0.000000,0.000000,319.495040,3327.368707,2222.190797,1000000000.000000,1000000000.000000,5111.174604,95.252108,1,1,0,0.961190,57947,13908
/Game/SurvivalGame/Maps/Homestead.Homestead:PersistentLevel.HomesteadWorld_2147482375.StaticMeshComponent_2147481866,3196.210938,2229.840332,47.707283,90.628708,231785,3,0.000000,0.000000,340.682036,4009.637362,792.965930,1000000000.000000,1000000000.000000,1346.520387,103.590888,1,1,0,1.024931,57947,13908
/Game/SurvivalGame/Maps/Homestead.Homestead:PersistentLevel.HomesteadWorld_2147482375.StaticMeshComponent_2147481865,-3104.517090,3264.850586,-10.655352,-1.813568,231785,3,0.000000,0.000000,318.327838,3148.167488,2093.316612,1000000000.000000,1000000000.000000,4178.021770,96.059769,1,1,0,0.957679,57947,13908
/Game/SurvivalGame/Maps/Homestead.Homestead:PersistentLevel.HomesteadWorld_2147482375.StaticMeshComponent_2147481864,-1705.244629,-3400.139893,-36.377258,-94.255829,231785,3,0.000000,0.000000,362.452662,2724.370951,1892.585119,1000000000.000000,1000000000.000000,3073.218340,88.527700,1,1,0,1.090427,57947,13908
/Game/SurvivalGame/Maps/Homestead.Homestead:PersistentLevel.HomesteadWorld_2147482375.StaticMeshComponent_2147481863,-305.972900,-2365.130371,-16.166815,173.301895,231785,3,0.000000,0.000000,340.098445,1722.770298,387.377238,1000000000.000000,1000000000.000000,1485.744993,103.995661,1,1,0,1.023175,57947,13908
/Game/SurvivalGame/Maps/Homestead.Homestead:PersistentLevel.HomesteadWorld_2147482375.StaticMeshComponent_2147481862,-3808.156006,739.897949,3.381083,-104.024948,231785,3,0.000000,0.000000,339.514854,2162.067648,1187.510317,1000000000.000000,1000000000.000000,5164.966198,104.398987,1,1,0,1.021419,57947,13908
/Game/SurvivalGame/Maps/Homestead.Homestead:PersistentLevel.HomesteadWorld_2147482375.StaticMeshComponent_2147481861,-1009.611816,2809.916992,4.332788,71.090469,231785,3,0.000000,0.000000,361.285480,2062.111048,589.478225,1000000000.000000,1000000000.000000,2151.563819,89.335343,1,1,0,1.086915,57947,13908
/Game/SurvivalGame/Maps/Homestead.Homestead:PersistentLevel.HomesteadWorld_2147482375.StaticMeshComponent_2147481860,389.660645,3844.926758,5.066116,-21.351807,231785,3,0.000000,0.000000,338.931223,3346.581860,1920.919046,1000000000.000000,1000000000.000000,644.360420,104.803334,1,1,0,1.019663,57947,13908
/Game/SurvivalGame/Maps/Homestead.Homestead:PersistentLevel.HomesteadWorld_2147482375.StaticMeshComponent_2147481859,3188.205078,-1785.054199,11.569592,153.763657,231785,3,0.000000,0.000000,360.701849,3805.079898,366.658307,1000000000.000000,1000000000.000000,1537.681757,89.739230,1,1,0,1.085160,57947,13908
/Game/SurvivalGame/Maps/Homestead.Homestead:PersistentLevel.HomesteadWorld_2147482375.StaticMeshComponent_2147481858,-3112.523193,-750.044678,-25.671490,61.321392,231785,3,0.000000,0.000000,338.347632,1500.111147,1016.406956,1000000000.000000,1000000000.000000,4180.810959,86.912206,1,1,0,1.017908,57947,13908
/Game/SurvivalGame/Maps/Homestead.Homestead:PersistentLevel.HomesteadWorld_2147482375.StaticMeshComponent_2147481857,-1713.250732,284.964844,-16.360992,-31.120911,231785,3,0.000000,0.000000,315.993415,32.511016,597.367965,1000000000.000000,1000000000.000000,2995.461493,102.380369,1,1,0,0.950656,57947,13908
/Game/SurvivalGame/Maps/Homestead.Homestead:PersistentLevel.HomesteadWorld_2147482375.StaticMeshComponent_2147481856,-313.979004,1319.974121,19.758186,-123.563187,231785,3,0.000000,0.000000,360.118258,740.094572,442.613597,1000000000.000000,1000000000.000000,1700.908825,90.142985,1,1,0,1.083404,57947,13908
/Game/SurvivalGame/Maps/Homestead.Homestead:PersistentLevel.HomesteadWorld_2147482375.StaticMeshComponent_2147481855,2484.565430,3389.993164,39.212189,51.552273,231785,3,0.000000,0.000000,315.409804,4126.105963,1484.640563,1000000000.000000,1000000000.000000,864.245561,102.784214,1,1,0,0.948900,57947,13908
/Game/SurvivalGame/Maps/Homestead.Homestead:PersistentLevel.HomesteadWorld_2147482375.StaticMeshComponent_2147481854,-3816.162109,-3274.997314,-18.216042,-40.889984,231785,3,0.000000,0.000000,359.534667,3571.954442,2455.757929,1000000000.000000,1000000000.000000,5170.453759,95.252108,1,1,0,1.081648,57947,13908
/Game/SurvivalGame/Maps/Homestead.Homestead:PersistentLevel.HomesteadWorld_2147482375.StaticMeshComponent_2147481853,3180.198242,1900.051270,46.700069,-143.101379,231785,3,0.000000,0.000000,314.242602,3856.674199,620.821771,1000000000.000000,1000000000.000000,1275.258286,103.590888,1,1,0,0.945388,57947,13908
/Game/SurvivalGame/Maps/Homestead.Homestead:PersistentLevel.HomesteadWorld_2147482375.StaticMeshComponent_2147481852,-3120.529297,2935.060547,-11.214559,124.456299,231785,3,0.000000,0.000000,358.367445,2873.910254,1783.120822,1000000000.000000,1000000000.000000,4237.931078,96.059769,1,1,0,1.078137,57947,13908
/Game/SurvivalGame/Maps/Homestead.Homestead:PersistentLevel.HomesteadWorld_2147482375.StaticMeshComponent_2147481851,-1721.256592,-3729.929932,-33.307976,32.014030,231785,3,0.000000,0.000000,336.013228,3058.045042,2224.885742,1000000000.000000,1000000000.000000,3115.052232,88.527700,1,1,0,1.010885,57947,13908
/Game/SurvivalGame/Maps/Homestead.Homestead:PersistentLevel.HomesteadWorld_2147482375.StaticMeshComponent_2147481850,-321.985107,-2694.920410,-11.674546,-60.428223,231785,3,0.000000,0.000000,313.658991,2043.975760,521.841412,1000000000.000000,1000000000.000000,1582.578306,103.995661,1,1,0,0.943633,57947,13908
/Game/SurvivalGame/Maps/Homestead.Homestead:PersistentLevel.HomesteadWorld_2147482375.StaticMeshComponent_2147481849,-3824.168213,410.108398,-0.307869,22.244911,231785,3,0.000000,0.000000,313.075400,2119.020659,1261.805001,1000000000.000000,1000000000.000000,5132.684907,104.398987,1,1,0,0.941877,57947,13908
/Game/SurvivalGame/Maps/Homestead.Homestead:PersistentLevel.HomesteadWorld_2147482375.StaticMeshComponent_2147481848,-1025.623779,2480.126953,9.605053,-162.639633,231785,3,0.000000,0.000000,334.846006,1739.595739,275.625878,1000000000.000000,1000000000.000000,2247.416180,89.335343,1,1,0,1.007373,57947,13908
/Game/SurvivalGame/Maps/Homestead.Homestead:PersistentLevel.HomesteadWorld_2147482375.StaticMeshComponent_2147481847,373.647949,3515.136719,5.566709,104.918106,231785,3,0.000000,0.000000,312.491789,3039.391590,1642.364914,1000000000.000000,1000000000.000000,675.792230,104.803334,1,1,0,0.940121,57947,13908
/Game/SurvivalGame/Maps/Homestead.Homestead:PersistentLevel.HomesteadWorld_2147482375.StaticMeshComponent_2147481846,3172.191895,-2114.844238,12.449890,-79.966492,231785,3,0.000000,0.000000,334.262415,3937.074083,486.247084,1000000000.000000,1000000000.000000,1472.672732,89.739230,1,1,0,1.005617,57947,13908
/Game/SurvivalGame/Maps/Homestead.Homestead:PersistentLevel.HomesteadWorld_2147482375.StaticMeshComponent_2147481845,-3128.535156,-1079.834717,-32.910835,-172.408752,231785,3,0.000000,0.000000,311.908198,1652.324209,935.357680,1000000000.000000,1000000000.000000,4173.460209,105.207113,1,1,0,0.938365,57947,13908
/Game/SurvivalGame/Maps/Homestead.Homestead:PersistentLevel.HomesteadWorld_2147482375.StaticMeshComponent_2147481844,-329.990967,990.184082,15.027123,2.706714,231785,3,0.000000,0.000000,333.678824,455.217848,121.155990,1000000000.000000,1000000000.000000,1714.751393,90.142985,1,1,0,1.003862,57947,13908
/Game/SurvivalGame/Maps/Homestead.Homestead:PersistentLevel.HomesteadWorld_2147482375.StaticMeshComponent_2147481843,-1745.275635,-374.615234,-21.650013,-138.581161,231785,3,0.000000,0.000000,329.593587,94.888271,370.778755,1000000000.000000,1000000000.000000,2879.792590,186.619724,1,1,0,0.991571,57947,13908
/Game/SurvivalGame/Maps/Homestead.Homestead:PersistentLevel.HomesteadWorld_2147482375.StaticMeshComponent_2147481842,2444.534180,-1284.481445,17.556973,7.226987,231785,3,0.000000,0.000000,349.029790,2931.731607,94.141957,1000000000.000000,1000000000.000000,834.921154,108.656167,1,1,0,1.050045,57947,13908
/Game/SurvivalGame/Maps/Homestead.Homestead:PersistentLevel.HomesteadWorld_2147482375.StaticMeshComponent_2147481841,3843.806641,-249.471924,2.969686,-85.215332,231785,3,0.000000,0.000000,326.675553,4111.775367,1686.736947,1000000000.000000,1000000000.000000,2115.581169,113.283328,1,1,0,0.982793,57947,13908
/Game/SurvivalGame/Maps/Homestead.Homestead:PersistentLevel.HomesteadWorld_2147482375.StaticMeshComponent_2147481840,3835.800781,3435.633789,14.351570,-22.080383,231785,3,0.000000,0.000000,346.695346,5188.121726,2093.693321,1000000000.000000,1000000000.000000,2211.442522,99.430969,1,1,0,1.043021,57947,13908
/Game/SurvivalGame/Maps/Homestead.Homestead:PersistentLevel.HomesteadWorld_2147482375.StaticMeshComponent_2147481839,3827.794922,-579.261719,-2.080782,41.054577,231785,3,0.000000,0.000000,300.236099,4131.129494,1451.095711,1000000000.000000,1000000000.000000,2170.742385,108.577610,1,1,0,0.903250,57947,13908
/Game/SurvivalGame/Maps/Homestead.Homestead:PersistentLevel.HomesteadWorld_2147482375.StaticMeshComponent_2147481838,3819.788086,3105.843750,21.963383,104.189529,231785,3,0.000000,0.000000,320.255912,4997.100830,1852.915722,1000000000.000000,1000000000.000000,2159.541391,94.725637,1,1,0,0.963479,57947,13908
/Game/SurvivalGame/Maps/Homestead.Homestead:PersistentLevel.HomesteadWorld_2147482375.StaticMeshComponent_2147481837,-1081.667969,-2524.137207,-23.493893,-80.695038,231785,3,0.000000,0.000000,342.026538,1782.850243,1177.122131,1000000000.000000,1000000000.000000,2296.504294,113.501852,1,1,0,1.028975,57947,13908
/Game/SurvivalGame/Maps/Homestead.Homestead:PersistentLevel.HomesteadWorld_2147482375.StaticMeshComponent_2147481836,-1785.306641,2650.910156,1.924033,177.093552,231785,3,0.000000,0.000000,363.213534,2016.439683,870.496726,1000000000.000000,1000000000.000000,2961.146653,98.841415,1,1,0,1.092716,57947,13908
/Game/SurvivalGame/Maps/Homestead.Homestead:PersistentLevel.HomesteadWorld_2147482375.StaticMeshComponent_2147481835,3811.781738,-909.051025,-4.429478,167.324432,231785,3,0.000000,0.000000,340.275725,4154.764999,1224.937530,1000000000.000000,1000000000.000000,2187.923835,103.872725,1,1,0,1.023708,57947,13908
/Game/SurvivalGame/Maps/Homestead.Homestead:PersistentLevel.HomesteadWorld_2147482375.StaticMeshComponent_2147481834,1005.231445,706.034668,29.908140,55.343971,231785,3,0.000000,0.000000,338.524912,1384.237324,39.650426,1000000000.000000,1000000000.000000,347.133105,556.915656,1,1,0,1.018441,57947,13908
/Game/SurvivalGame/Maps/Homestead.Homestead:PersistentLevel.HomesteadWorld_2147482375.StaticMeshComponent_2147481833,3803.775879,2776.053711,29.785551,-129.540604,231785,3,0.000000,0.000000,360.295539,4800.664910,1603.753671,1000000000.000000,1000000000.000000,2069.289435,90.020342,1,1,0,1.083937,57947,13908
/Game/SurvivalGame/Maps/Homestead.Homestead:PersistentLevel.HomesteadWorld_2147482375.StaticMeshComponent_2147481832,3795.770020,-1238.840820,-4.134810,-66.405670,231785,3,0.000000,0.000000,313.836271,4218.219651,1066.638780,1000000000.000000,1000000000.000000,2195.750544,99.167744,1,1,0,0.944166,57947,13908
/Game/SurvivalGame/Maps/Homestead.Homestead:PersistentLevel.HomesteadWorld_2147482375.StaticMeshComponent_2147481831,3787.763672,2446.263672,36.560616,-3.270721,231785,3,0.000000,0.000000,333.856065,4636.116985,1405.042927,1000000000.000000,1000000000.000000,1987.308405,90.020342,1,1,0,1.004395,57947,13908
/Game/SurvivalGame/Maps/Homestead.Homestead:PersistentLevel.HomesteadWorld_2147482375.StaticMeshComponent_2147481830,3779.756836,-1568.630859,-1.746823,59.864201,231785,3,0.000000,0.000000,353.875878,4284.758194,961.232314,1000000000.000000,1000000000.000000,2155.424852,94.462395,1,1,0,1.064624,57947,13908
/Game/SurvivalGame/Maps/Homestead.Homestead:PersistentLevel.HomesteadWorld_2147482375.StaticMeshComponent_2147481829,-2520.970703,-533.621338,-22.957333,-32.578064,231785,3,0.000000,0.000000,331.521661,872.099925,556.840462,1000000000.000000,1000000000.000000,3624.849747,97.769494,1,1,0,0.997372,57947,13908
/Game/SurvivalGame/Maps/Homestead.Homestead:PersistentLevel.HomesteadWorld_2147482375.StaticMeshComponent_2147481828,2372.479004,1081.463867,28.902859,-144.558578,231785,3,0.000000,0.000000,329.770848,2802.345617,199.888438,1000000000.000000,1000000000.000000,412.487541,98.981948,1,1,0,0.992105,57947,13908
/Game/SurvivalGame/Maps/Homestead.Homestead:PersistentLevel.HomesteadWorld_2147482375.StaticMeshComponent_2147481827,3771.750977,2116.473633,41.112637,122.999153,231785,3,0.000000,0.000000,307.416631,4486.827241,1252.520995,1000000000.000000,1000000000.000000,1907.850085,103.608782,1,1,0,0.924853,57947,13908
/Game/SurvivalGame/Maps/Homestead.Homestead:PersistentLevel.HomesteadWorld_2147482375.StaticMeshComponent_2147481826,-434.071289,2696.550293,7.545283,103.460915,231785,3,0.000000,0.000000,328.020035,2016.481133,526.771914,1000000000.000000,1000000000.000000,1609.378560,100.192631,1,1,0,0.986837,57947,13908
/Game/SurvivalGame/Maps/Homestead.Homestead:PersistentLevel.HomesteadWorld_2147482375.StaticMeshComponent_2147481825,965.200684,3731.560059,20.685057,11.018643,231785,3,0.000000,0.000000,305.665818,3484.648149,1902.139665,1000000000.000000,1000000000.000000,77.243417,104.821214,1,1,0,0.919585,57947,13908
/Game/SurvivalGame/Maps/Homestead.Homestead:PersistentLevel.HomesteadWorld_2147482375.StaticMeshComponent_2147481824,3763.744629,-1898.420898,1.860451,-173.865891,231785,3,0.000000,0.000000,327.436444,4389.428530,961.881685,1000000000.000000,1000000000.000000,2105.206254,94.462395,1,1,0,0.985082,57947,13908
/Game/SurvivalGame/Maps/Homestead.Homestead:PersistentLevel.HomesteadWorld_2147482375.StaticMeshComponent_2147481823,-2536.982666,-863.411377,-26.510448,93.691833,231785,3,0.000000,0.000000,305.082207,1030.289233,438.857812,1000000000.000000,1000000000.000000,3600.688054,109.930332,1,1,0,0.917830,57947,13908
/Game/SurvivalGame/Maps/Homestead.Homestead:PersistentLevel.HomesteadWorld_2147482375.StaticMeshComponent_2147481822,3755.738770,1786.684570,42.600727,-110.730942,231785,3,0.000000,0.000000,347.456218,4336.206791,1144.453655,1000000000.000000,1000000000.000000,1824.745145,98.904462,1,1,0,1.045310,57947,13908
/Game/SurvivalGame/Maps/Homestead.Homestead:PersistentLevel.HomesteadWorld_2147482375.StaticMeshComponent_2147481821,-1145.717041,-3843.296387,-24.098164,64.384476,231785,3,0.000000,0.000000,302.747803,3114.085192,1902.705031,1000000000.000000,1000000000.000000,2547.987647,117.679496,1,1,0,0.910807,57947,13908
/Game/SurvivalGame/Maps/Homestead.Homestead:PersistentLevel.HomesteadWorld_2147482375.StaticMeshComponent_2147481820,1652.827148,-1773.277588,3.130647,-120.500061,231785,3,0.000000,0.000000,324.518409,2453.058201,233.240206,1000000000.000000,1000000000.000000,13.711159,102.615953,1,1,0,0.976303,57947,13908
/Game/SurvivalGame/Maps/Homestead.Homestead:PersistentLevel.HomesteadWorld_2147482375.StaticMeshComponent_2147481819,949.188477,3401.770020,20.559174,137.288544,231785,3,0.000000,0.000000,345.705444,3177.030611,1582.131148,1000000000.000000,1000000000.000000,100.932275,100.115966,1,1,0,1.040043,57947,13908
/Game/SurvivalGame/Maps/Homestead.Homestead:PersistentLevel.HomesteadWorld_2147482375.StaticMeshComponent_2147481818,3747.732910,-2228.210938,5.722291,-47.596039,231785,3,0.000000,0.000000,300.996990,4513.107418,1051.948174,1000000000.000000,1000000000.000000,2034.024871,108.051851,1,1,0,0.905539,57947,13908
/Game/SurvivalGame/Maps/Homestead.Homestead:PersistentLevel.HomesteadWorld_2147482375.StaticMeshComponent_2147481817,245.548584,876.817383,24.397305,35.077156,231785,3,0.000000,0.000000,300.413379,791.879741,168.312982,1000000000.000000,1000000000.000000,1138.202126,108.454638,1,1,0,0.903784,57947,13908
/Game/SurvivalGame/Maps/Homestead.Homestead:PersistentLevel.HomesteadWorld_2147482375.StaticMeshComponent_2147481816,3739.726562,1456.894531,40.706230,15.538917,231785,3,0.000000,0.000000,321.016783,4221.664273,1130.428777,1000000000.000000,1000000000.000000,1783.417518,94.199177,1,1,0,0.965768,57947,13908
/Game/SurvivalGame/Maps/Homestead.Homestead:PersistentLevel.HomesteadWorld_2147482375.StaticMeshComponent_2147481815,933.175293,3071.979980,20.174440,-96.441589,231785,3,0.000000,0.000000,319.265971,2893.186801,1289.072454,1000000000.000000,1000000000.000000,169.643287,100.115966,1,1,0,0.960501,57947,13908
/Game/SurvivalGame/Maps/Homestead.Homestead:PersistentLevel.HomesteadWorld_2147482375.StaticMeshComponent_2147481814,3731.719727,-2558.000977,9.024089,78.673866,231785,3,0.000000,0.000000,341.036597,4636.557954,1197.855730,1000000000.000000,1000000000.000000,1934.321671,103.345534,1,1,0,1.025997,57947,13908
/Game/SurvivalGame/Maps/Homestead.Homestead:PersistentLevel.HomesteadWorld_2147482375.StaticMeshComponent_2147481813,229.536621,547.028320,19.228111,161.347015,231785,3,0.000000,0.000000,340.453006,603.552366,73.494197,1000000000.000000,1000000000.000000,1096.993386,103.750068,1,1,0,1.024242,57947,13908
/Game/SurvivalGame/Maps/Homestead.Homestead:PersistentLevel.HomesteadWorld_2147482375.StaticMeshComponent_2147481812,3723.713867,1127.104492,35.709328,141.808823,231785,3,0.000000,0.000000,361.056410,4108.558949,1177.888445,1000000000.000000,1000000000.000000,1753.307859,89.493859,1,1,0,1.086226,57947,13908
/Game/SurvivalGame/Maps/Homestead.Homestead:PersistentLevel.HomesteadWorld_2147482375.StaticMeshComponent_2147481811,3715.707520,-2887.790039,11.291592,-155.056274,231785,3,0.000000,0.000000,314.597143,4794.487092,1414.435087,1000000000.000000,1000000000.000000,1854.304884,98.641190,1,1,0,0.946455,57947,13908
/Game/SurvivalGame/Maps/Homestead.Homestead:PersistentLevel.HomesteadWorld_2147482375.StaticMeshComponent_2147481810,213.524658,217.238525,11.603643,-72.383087,231785,3,0.000000,0.000000,314.013552,497.792809,56.171079,1000000000.000000,1000000000.000000,1054.732574,103.750068,1,1,0,0.944699,57947,13908
/Game/SurvivalGame/Maps/Homestead.Homestead:PersistentLevel.HomesteadWorld_2147482375.StaticMeshComponent_2147481809,3707.701660,797.314453,28.437143,-91.921326,231785,3,0.000000,0.000000,334.616936,4034.140873,1313.799865,1000000000.000000,1000000000.000000,1770.962657,89.493859,1,1,0,1.006684,57947,13908
/Game/SurvivalGame/Maps/Homestead.Homestead:PersistentLevel.HomesteadWorld_2147482375.StaticMeshComponent_2147481808,205.517578,-3797.656982,9.534397,-9.248169,231785,3,0.000000,0.000000,334.033345,3243.959951,1280.190780,1000000000.000000,1000000000.000000,1188.930635,96.032905,1,1,0,1.004928,57947,13908
/Game/SurvivalGame/Maps/Homestead.Homestead:PersistentLevel.HomesteadWorld_2147482375.StaticMeshComponent_2147481807,3699.695801,-3217.580078,12.485709,-28.786377,231785,3,0.000000,0.000000,354.636750,4949.586866,1648.112346,1000000000.000000,1000000000.000000,1769.896791,93.935960,1,1,0,1.066913,57947,13908
/Game/SurvivalGame/Maps/Homestead.Homestead:PersistentLevel.HomesteadWorld_2147482375.StaticMeshComponent_2147481806,3691.689453,467.524414,20.094418,34.348583,231785,3,0.000000,0.000000,308.177502,3981.483432,1504.393843,1000000000.000000,1000000000.000000,1813.940034,103.083284,1,1,0,0.927142,57947,13908
/Game/SurvivalGame/Maps/Homestead.Homestead:PersistentLevel.HomesteadWorld_2147482375.StaticMeshComponent_2147481805,-1913.405884,12.591797,-23.594288,107.252609,231785,3,0.000000,0.000000,351.135124,168.418619,646.328703,1000000000.000000,1000000000.000000,3126.164868,107.198718,1,1,0,1.056378,57947,13908
/Game/SurvivalGame/Maps/Homestead.Homestead:PersistentLevel.HomesteadWorld_2147482375.StaticMeshComponent_2147481804,2284.411133,3117.620605,43.660587,-170.074234,231785,3,0.000000,0.000000,350.551533,3783.540070,1192.790276,1000000000.000000,1000000000.000000,617.903818,107.601639,1,1,0,1.054623,57947,13908
/Game/SurvivalGame/Maps/Homestead.Homestead:PersistentLevel.HomesteadWorld_2147482375.StaticMeshComponent_2147481803,3683.682617,-3547.370117,12.979929,97.483490,231785,3,0.000000,0.000000,328.197315,5136.570032,1922.898611,1000000000.000000,1000000000.000000,1726.738844,93.935960,1,1,0,0.987371,57947,13908
/Game/SurvivalGame/Maps/Homestead.Homestead:PersistentLevel.HomesteadWorld_2147482375.StaticMeshComponent_2147481802,2980.043945,1627.677246,42.537743,-4.727905,231785,3,0.000000,0.000000,349.384311,3555.409655,356.103891,1000000000.000000,1000000000.000000,1029.459339,108.410469,1,1,0,1.051111,57947,13908
/Game/SurvivalGame/Maps/Homestead.Homestead:PersistentLevel.HomesteadWorld_2147482375.StaticMeshComponent_2147481801,-3320.683594,2662.687012,-12.196355,-97.170166,231785,3,0.000000,0.000000,327.030094,2793.516442,1647.942881,1000000000.000000,1000000000.000000,4503.713468,100.878012,1,1,0,0.983859,57947,13908
/Game/SurvivalGame/Maps/Homestead.Homestead:PersistentLevel.HomesteadWorld_2147482375.StaticMeshComponent_2147481800,-1921.411865,3697.696289,-14.300728,170.387558,231785,3,0.000000,0.000000,304.675876,3078.273992,1768.781422,1000000000.000000,1000000000.000000,2964.650072,171.353166,1,1,0,0.916607,57947,13908
/Game/SurvivalGame/Maps/Homestead.Homestead:PersistentLevel.HomesteadWorld_2147482375.StaticMeshComponent_2147481799,-522.139404,-2967.293945,-11.766253,77.945297,231785,3,0.000000,0.000000,348.800720,2261.083611,834.422695,1000000000.000000,1000000000.000000,1829.455790,108.813897,1,1,0,1.049355,57947,13908
/Game/SurvivalGame/Maps/Homestead.Homestead:PersistentLevel.HomesteadWorld_2147482375.StaticMeshComponent_2147481798,3675.676758,137.734375,12.015434,160.618439,231785,3,0.000000,0.000000,348.217129,3933.421012,1716.224197,1000000000.000000,1000000000.000000,1855.555427,103.083284,1,1,0,1.047600,57947,13908
/Game/SurvivalGame/Maps/Homestead.Homestead:PersistentLevel.HomesteadWorld_2147482375.StaticMeshComponent_2147481797,-1225.779053,2207.754395,9.468353,-24.266083,231785,3,0.000000,0.000000,303.508674,1487.090550,174.207042,1000000000.000000,1000000000.000000,2515.683544,117.153394,1,1,0,0.913096,57947,13908
/Game/SurvivalGame/Maps/Homestead.Homestead:PersistentLevel.HomesteadWorld_2147482375.StaticMeshComponent_2147481796,173.493652,3242.763672,3.175586,-116.708405,231785,3,0.000000,0.000000,347.633498,2704.439493,1294.904240,1000000000.000000,1000000000.000000,895.064279,109.621152,1,1,0,1.045844,57947,13908
