wall_seconds,paused_seconds,unpaused_seconds,engine_unpaused_seconds,game_hour,hunger,energy,warmth,moving_seconds,distance_cm,physical_bytes,virtual_bytes,object_slots_in_use,resources,available_resources,structures,plots,gathers,eats,waypoints,autosave_writes,refreshes
0.017,0.000,0.017,0.017,6.00011111,84.99978,99.99973,90.00033,0.000,0.00,979120128,1991839744,35184,98,84,0,0,0,0,0,0,0
30.024,1.067,28.958,28.957,6.19304938,96.61390,99.53668,90.57915,20.917,2561.61,1012416512,1992036352,35193,98,83,0,0,1,1,1,0,0
60.026,1.583,58.442,58.442,6.38961511,96.22077,99.06492,91.16885,43.635,4991.11,1005182976,1977700352,35150,98,83,0,0,1,1,6,0,0
90.029,1.583,88.446,88.446,6.58963971,95.82072,98.58486,91.76892,66.222,7463.93,1006882816,1979310080,35151,98,82,0,0,2,1,9,0,0
120.030,1.583,118.447,118.447,6.78964364,95.42071,98.10486,92.36893,89.989,10013.14,1003032576,1975902208,35135,98,82,0,0,2,1,14,0,0
150.031,1.583,148.447,148.447,6.98964903,95.02070,97.62484,92.96895,110.839,12456.22,1010233344,2020851712,35136,98,81,0,0,3,1,16,0,0
180.031,1.583,178.448,178.448,7.18965248,94.62070,97.14483,93.56896,134.040,14902.84,1001029632,2011611136,35132,98,81,0,0,3,1,20,0,0
210.032,1.583,208.449,208.449,7.38965717,94.22069,96.66482,94.16897,155.407,17408.80,1005858816,2016436224,35133,98,80,0,0,4,1,23,0,0
240.032,1.583,238.449,238.449,7.58966019,93.82068,96.18482,94.76898,180.440,20127.28,998547456,2010124288,35129,98,80,0,0,4,1,27,0,0
270.033,1.583,268.450,268.450,7.78966400,93.42067,95.70481,95.36899,202.908,22649.13,1004265472,2015830016,35133,98,79,0,0,5,1,30,1,0
300.033,1.583,298.450,298.450,7.98966695,93.02067,95.22480,95.96900,226.174,25233.96,999444480,2010836992,35115,98,79,0,0,5,1,35,1,0
330.034,1.583,328.451,328.451,8.18967095,92.62066,94.74479,96.56901,249.308,27830.42,1004380160,2015731712,35117,98,78,0,0,6,1,38,1,0
360.035,1.850,358.185,358.185,8.38789863,92.22420,94.26904,97.16370,272.126,30395.99,990957568,2001084416,35108,98,78,0,0,6,1,42,1,0
390.035,1.850,388.186,388.185,8.58790270,91.82419,93.78903,97.76371,296.677,33032.94,993804288,1999015936,35111,98,78,0,0,6,1,46,1,0
420.039,1.850,418.189,418.189,8.78792605,91.42415,93.30898,98.36378,320.497,35743.31,987353088,1992704000,35108,98,78,0,0,6,1,51,1,0
450.039,1.850,448.190,448.189,8.98792900,91.02414,92.82897,98.96379,345.147,38409.48,992157696,1997492224,35111,98,78,0,0,6,1,55,1,0
480.041,1.850,478.191,478.191,9.18793879,90.62412,92.34895,99.56382,369.232,41030.69,986791936,1992114176,35108,98,78,0,0,6,1,60,1,0
510.042,1.850,508.192,508.191,9.38794263,90.22411,91.86894,100.00000,392.833,43654.91,992149504,1997549568,35114,98,78,0,0,6,1,65,2,0
540.042,1.850,538.192,538.192,9.58794597,89.82411,91.38893,100.00000,417.800,46410.54,992956416,1998274560,35118,98,78,0,0,6,1,69,2,0
570.043,1.850,568.193,568.192,9.78794961,89.42410,90.90892,100.00000,441.583,49021.59,991817728,1997152256,35109,98,78,0,0,6,1,74,2,0
600.297,1.850,598.447,598.446,9.98964140,89.02072,90.42486,100.00000,465.453,51608.38,1032581120,2038218752,35113,98,78,0,0,6,1,79,2,0
630.297,1.850,628.447,628.447,10.18964665,88.62071,89.94485,100.00000,490.437,54409.60,991477760,1996816384,35109,98,78,0,0,6,1,83,2,0
660.298,2.117,658.181,658.181,10.38787175,88.22426,89.46911,100.00000,513.454,56909.10,994209792,2005843968,35128,98,78,0,0,6,1,88,2,0
690.300,2.117,688.183,688.183,10.58788560,87.82423,88.98907,100.00000,537.057,59409.20,992169984,1997139968,35109,98,78,0,0,6,1,93,2,0
720.302,2.117,718.186,718.185,10.78790246,87.42420,88.50903,100.00000,562.025,62293.20,993759232,1998692352,35113,98,78,0,0,6,1,97,2,0
750.305,2.117,748.189,748.188,10.98792200,87.02416,88.02899,100.00000,585.795,64817.77,991977472,1996963840,35110,98,78,0,0,6,1,102,3,0
780.306,2.117,778.189,778.189,11.18792585,86.62415,87.54898,100.00000,609.712,67376.71,993591296,1998540800,35115,98,78,0,0,6,1,107,3,0
810.308,2.117,808.192,808.191,11.38794204,86.22412,87.06894,100.00000,634.331,70204.24,992219136,1997176832,35110,98,78,0,0,6,1,111,3,0
840.309,2.117,838.192,838.192,11.58794705,85.82411,86.58893,100.00000,658.182,72753.43,993132544,1998069760,35115,98,78,0,0,6,1,116,3,0
870.310,2.117,868.194,868.193,11.78795488,85.42409,86.10891,100.00000,682.732,75390.43,992243712,1997213696,35110,98,78,0,0,6,1,120,3,0
900.313,2.117,898.197,898.196,11.98797529,85.02405,85.62886,100.00000,706.685,78113.07,993452032,1998397440,35115,98,78,0,0,6,1,125,3,0
930.314,2.117,928.197,928.197,12.18797811,84.62404,85.14885,100.00000,731.251,80767.06,991834112,1996800000,35110,98,78,0,0,6,1,129,3,0
960.316,2.369,957.948,957.947,12.38631486,84.22737,84.67284,100.00000,754.668,83365.74,993865728,2004062208,35131,98,78,0,0,6,1,134,3,0
990.317,2.369,987.949,987.948,12.58632120,83.82736,84.19283,100.00000,778.269,85914.95,993038336,1997352960,35111,98,78,0,0,6,1,139,4,0
1020.327,2.369,1017.958,1017.958,12.78638530,83.42723,83.71268,100.00000,803.245,88745.02,1010679808,1998381056,35117,98,78,0,0,6,1,143,4,0
1050.327,2.369,1047.959,1047.958,12.98638819,83.02722,83.23267,100.00000,826.995,91323.66,1009278976,1997045760,35111,98,78,0,0,6,1,148,4,0
1080.328,2.369,1077.959,1077.959,13.18639168,82.62722,82.75266,100.00000,850.578,93819.20,1010507776,1998233600,35117,98,78,0,0,6,1,153,4,0
1110.328,2.369,1107.960,1107.959,13.38639388,82.22721,82.27265,100.00000,875.546,96708.51,1009500160,1997262848,35111,98,78,0,0,6,1,157,4,0
1140.328,2.369,1137.960,1137.960,13.58639689,81.82721,81.79265,100.00000,899.312,99232.74,1010806784,1998520320,35117,98,78,0,0,6,1,162,4,0
1170.341,2.369,1167.972,1167.972,13.78648055,81.42704,81.31245,100.00000,922.957,101733.21,1009315840,1997025280,35111,98,78,0,0,6,1,167,4,0
1200.347,2.369,1197.978,1197.978,13.98652240,81.02696,80.83235,100.00000,947.913,104620.23,1050480640,2038665216,35117,98,78,0,0,6,1,171,4,0
1230.348,2.369,1227.979,1227.979,14.18652629,80.62695,80.35234,100.00000,971.696,107141.30,1008836608,1996677120,35112,98,78,0,0,6,1,176,5,0
1260.364,2.635,1257.729,1257.729,14.38485822,80.23028,79.87634,100.00000,995.863,109734.82,1011015680,2005368832,35137,98,78,0,0,6,1,180,5,0
1290.365,2.635,1287.729,1287.729,14.58486109,79.83028,79.39633,100.00000,1019.496,112416.39,1009577984,1997291520,35112,98,78,0,0,6,1,185,5,0
1320.368,2.635,1317.733,1317.733,14.78488342,79.43023,78.91628,100.00000,1044.383,115111.50,1010827264,1998512128,35119,98,78,0,0,6,1,189,5,0
1350.373,2.635,1347.738,1347.738,14.98491835,79.03016,78.43620,100.00000,1068.221,117724.93,1009426432,1997131776,35112,98,78,0,0,6,1,194,5,0
1380.374,2.635,1377.739,1377.739,15.18492420,78.63015,77.95618,100.00000,1091.822,120322.91,1011126272,1998782464,35119,98,78,0,0,6,1,199,5,0
1410.376,2.635,1407.741,1407.741,15.38493904,78.23012,77.47615,100.00000,1116.775,123102.58,1009336320,1997033472,35112,98,78,0,0,6,1,203,5,0
1440.377,2.635,1437.742,1437.742,15.58494396,77.83011,76.99613,100.00000,1140.559,125713.64,1010900992,1998553088,35119,98,78,0,0,6,1,208,5,0
1470.378,2.635,1467.742,1467.742,15.78494815,77.43010,76.51612,100.00000,1164.142,128226.65,1005387776,1997668352,35113,98,78,0,0,6,1,213,6,0
1500.379,2.635,1497.744,1497.744,15.98495865,77.03008,76.03610,100.00000,1189.126,131093.62,1007419392,1999642624,35121,98,78,0,0,6,1,217,6,0
1530.381,2.635,1527.746,1527.746,16.18497046,76.63006,75.55607,100.00000,1212.912,133649.19,1005916160,1998155776,35113,98,78,0,0,6,1,222,6,0
1560.383,2.886,1557.497,1557.497,16.38331282,76.23337,75.08005,100.00000,1235.846,136064.43,1008111616,2039291904,35140,98,78,0,0,6,1,227,6,0
1590.384,2.886,1587.498,1587.498,16.58332107,75.83336,74.60003,100.00000,1260.729,138928.83,1004679168,1996406784,35113,98,78,0,0,6,1,231,6,0
1620.385,2.886,1617.499,1617.499,16.78332432,75.43335,74.12002,100.00000,1284.513,141455.79,1008103424,1999773696,35121,98,78,0,0,6,1,236,6,0
1650.385,2.886,1647.499,1647.499,16.98332814,75.03334,73.64001,100.00000,1308.880,144078.36,1006817280,1998483456,35113,98,78,0,0,6,1,240,6,0
1680.386,3.936,1676.450,1676.450,17.17633589,86.64733,73.17679,100.00000,1331.731,146647.35,1013346304,2011496448,35130,98,78,0,0,6,2,245,6,0
1710.387,3.936,1706.451,1706.451,17.37633974,86.24732,72.69678,100.00000,1356.665,149431.86,1008095232,1999577088,35113,98,78,0,0,6,2,249,7,0
1740.388,3.936,1736.452,1736.452,17.57634462,85.84731,72.21677,100.00000,1380.466,152043.48,1011879936,2003456000,35121,98,78,0,0,6,2,254,7,0
1770.389,3.936,1766.453,1766.452,17.77634990,85.44730,71.73676,100.00000,1404.084,154561.41,889298944,2001801216,35113,98,78,0,0,6,2,259,7,0
1800.405,3.936,1796.469,1796.469,17.97645809,85.04708,71.25650,100.00000,1429.049,157442.49,930746368,2043858944,35121,98,78,0,0,6,2,263,7,0
1830.406,3.936,1826.470,1826.470,18.17646385,84.64707,70.77649,100.00000,1452.867,160056.56,887447552,1999880192,35113,98,78,0,0,6,2,268,7,0
1860.406,3.936,1856.470,1856.470,18.37646827,84.24706,70.29648,100.00000,1476.467,162558.90,890679296,2003124224,35121,98,78,0,0,6,2,273,7,0
1890.408,4.186,1886.222,1886.222,18.57481018,83.85038,69.82046,100.00000,1500.668,165336.10,886218752,1999114240,35113,98,78,0,0,6,2,277,7,0
1920.408,4.186,1916.222,1916.222,18.77481437,83.45037,69.34045,100.00000,1524.435,167860.36,890695680,2003488768,35121,98,78,0,0,6,2,282,7,0
1950.409,4.186,1946.223,1946.223,18.97481854,83.05036,68.86044,100.00000,1548.319,170412.54,887238656,2000039936,35113,98,78,0,0,6,2,287,8,0
1980.410,4.186,1976.223,1976.223,19.17482170,82.65036,68.38043,98.95107,1572.986,173245.24,890183680,2003161088,35121,98,78,0,0,6,2,291,8,0
2010.410,4.186,2006.224,2006.224,19.37482509,82.25035,67.90042,97.75105,1596.803,175789.54,885325824,1998282752,35113,98,78,0,0,6,2,296,8,0
2040.411,4.186,2036.225,2036.225,19.57483243,81.85034,67.42040,96.55101,1621.353,178426.47,889880576,2002837504,35121,98,78,0,0,6,2,300,8,0
2070.412,4.186,2066.226,2066.226,19.77483731,81.45033,66.94039,95.35098,1645.320,181156.82,601051136,1998184448,35113,98,78,0,0,6,2,305,8,0
2100.412,4.186,2096.226,2096.226,19.97484110,81.05032,66.46038,94.15095,1669.837,183803.51,606224384,2003349504,35121,98,78,0,0,6,2,309,8,0
2130.413,4.186,2126.227,2126.227,20.17484441,80.65031,65.98037,92.95093,1694.020,186428.06,599867392,1996980224,35113,98,78,0,0,6,2,314,8,0
2160.413,4.186,2156.227,2156.227,20.37484770,80.25030,65.50037,91.75091,1717.638,189065.96,605241344,2002321408,35121,98,78,0,0,6,2,319,8,0
2190.416,4.438,2185.978,2185.978,20.57318509,79.85363,65.02436,90.56089,1741.822,191782.03,606969856,2010443776,35150,98,78,0,0,6,2,323,9,0
2220.418,4.438,2215.980,2215.980,20.77319791,79.45360,64.54433,89.36081,1765.590,194367.05,605261824,2002100224,35113,98,78,0,0,6,2,328,9,0
2250.419,4.438,2245.981,2245.980,20.97320192,79.05360,64.06432,88.16079,1789.208,196867.49,606392320,2003177472,35121,98,78,0,0,6,2,333,9,0
2280.419,4.438,2275.981,2275.981,21.17320646,78.65359,63.58430,86.96076,1814.175,199756.84,605483008,2002366464,35113,98,78,0,0,6,2,337,9,0
2310.420,4.438,2305.982,2305.982,21.37321028,78.25358,63.10430,85.76074,1837.975,202285.95,606466048,2003259392,35121,98,78,0,0,6,2,342,9,0
2340.420,4.438,2335.982,2335.982,21.57321434,77.85357,62.62429,84.56071,1861.609,204788.81,605048832,2001858560,35113,98,78,0,0,6,2,347,9,0
2370.421,4.438,2365.983,2365.983,21.77322208,77.45356,62.14427,83.36067,1886.560,207675.79,493449216,2002784256,35121,98,78,0,0,6,2,351,9,0
2400.430,4.438,2395.992,2395.992,21.97327669,77.05345,61.66414,82.16034,1910.334,210203.10,527642624,2037448704,35113,98,78,0,0,6,2,356,9,0
2430.430,4.438,2425.992,2425.992,22.17328158,76.65344,61.18412,80.96031,1934.318,212771.79,520474624,2030186496,35123,98,78,0,0,6,2,361,10,0
2460.431,4.438,2455.993,2455.993,22.37328923,76.25342,60.70411,79.76026,1958.919,215596.70,492490752,2001580032,35113,98,78,0,0,6,2,365,10,0
2490.432,4.705,2485.728,2485.727,22.57151541,75.85697,60.22836,78.57091,1982.787,218148.33,494886912,2008723456,35140,98,78,0,0,6,2,369,10,0
2520.433,4.705,2515.728,2515.728,22.77152113,75.45696,59.74835,77.37087,2006.854,220768.98,493490176,2001399808,35113,98,78,0,0,6,2,374,10,0
2550.433,4.705,2545.729,2545.729,22.97152451,75.05695,59.26834,76.17085,2030.472,223393.74,494198784,2002067456,35121,98,78,0,0,6,2,379,10,0
2580.434,5.721,2574.712,2574.713,23.16475012,86.67050,58.80460,75.01150,2054.155,226095.39,495435776,2001174528,35113,98,78,0,0,6,3,383,10,0
2610.435,5.721,2604.713,2604.713,23.36475547,86.27049,58.32459,73.81147,2077.923,228619.65,496566272,2002235392,35121,98,78,0,0,6,3,388,10,0
2640.436,5.721,2634.714,2634.714,23.56476146,85.87048,57.84457,72.61143,2101.506,231115.23,495063040,2000736256,35113,98,78,0,0,6,3,393,10,0
2670.436,5.721,2664.715,2664.715,23.76476485,85.47047,57.36456,71.41141,2126.439,233999.69,417935360,2001989632,35123,98,78,0,0,6,3,397,11,0
2700.437,5.721,2694.715,2694.715,23.96476806,85.07046,56.88456,70.21139,2150.223,236526.38,416616448,2000687104,35113,98,78,0,0,6,3,402,11,0
2730.437,5.721,2724.716,2724.716,24.16477205,84.67046,56.40455,69.01137,2174.274,239102.95,418144256,2002178048,35121,98,78,0,0,6,3,407,11,0
2760.439,5.721,2754.718,2754.718,24.36478669,84.27043,55.92451,67.81128,2198.774,241911.31,416923648,2000961536,35113,98,78,0,0,6,3,411,11,0
2790.440,5.988,2784.452,2784.452,24.56301103,83.87398,55.44877,66.62193,2222.758,244479.98,419057664,2008150016,35140,98,78,0,0,6,3,415,11,0
2820.440,5.988,2814.452,2814.452,24.76301394,83.47397,54.96877,65.42192,2246.725,247097.21,417538048,2000711680,35113,98,78,0,0,6,3,420,11,0
2850.441,5.988,2844.453,2844.453,24.96301818,83.07396,54.48876,64.22189,2270.342,249710.72,418799616,2001915904,35121,98,78,0,0,6,3,425,11,0
2880.441,5.988,2874.453,2874.453,25.16302264,82.67395,54.00875,63.02186,2295.309,252477.62,417562624,2000699392,35113,98,78,0,0,6,3,429,11,0
2910.442,5.988,2904.454,2904.454,25.36302809,82.27394,53.52873,61.82183,2319.076,255088.13,419139584,2002223104,35123,98,78,0,0,6,3,434,12,0
2940.443,5.988,2934.455,2934.455,25.56303263,81.87393,53.04872,60.62180,2342.677,257622.33,417488896,2000547840,35113,98,78,0,0,6,3,439,12,0
2970.444,5.988,2964.456,2964.456,25.76303802,81.47392,52.56871,59.42177,2367.644,260467.99,419110912,2002104320,35121,98,78,0,0,6,3,443,12,0
3000.456,5.988,2994.468,2994.468,25.96311791,81.07376,52.08852,58.22129,2391.423,263037.58,399429632,1973358592,35113,98,78,0,0,6,3,448,12,0
3030.456,5.988,3024.468,3024.468,26.16312151,80.67376,51.60851,57.02127,2415.056,265536.69,392794112,1966645248,35121,98,78,0,0,6,3,453,12,0
3060.457,5.988,3054.469,3054.469,26.36312736,80.27375,51.12849,55.82124,2439.990,268421.18,364859392,1938120704,35113,98,78,0,0,6,3,457,12,0
3090.461,6.238,3084.223,3084.222,26.56148236,79.87704,50.65244,54.63111,2463.024,270838.21,368099328,1984143360,35140,98,78,0,0,6,3,462,12,0
3120.461,6.238,3114.223,3114.223,26.76148674,79.47703,50.17243,53.43108,2487.308,273448.89,366358528,1942142976,35113,98,78,0,0,6,3,467,12,0
3150.465,6.238,3144.227,3144.226,26.96150894,79.07698,49.69238,52.23095,2511.577,276217.89,367767552,1943461888,35123,98,78,0,0,6,3,471,13,0
3180.465,6.238,3174.227,3174.227,27.16151382,78.67697,49.21237,51.03092,2535.827,278825.59,364978176,1940684800,35113,98,78,0,0,6,3,476,13,0
3210.466,6.238,3204.228,3204.228,27.36151772,78.27696,48.73236,49.83089,2560.261,281458.59,367566848,1942798336,35121,98,78,0,0,6,3,480,13,0
3240.466,6.238,3234.228,3234.228,27.56152140,77.87696,48.25235,48.63087,2583.844,284119.74,365592576,1939496960,35113,98,78,0,0,6,3,485,13,0
3270.469,6.238,3264.231,3264.231,27.76154096,77.47692,47.77230,47.43075,2608.830,286836.92,367841280,1940180992,35121,98,78,0,0,6,3,489,13,0
3300.470,6.238,3294.232,3294.232,27.96154609,77.07691,47.29229,46.23072,2632.631,289448.55,345255936,1938190336,35113,98,78,0,0,6,3,494,13,0
3330.471,6.238,3324.232,3324.232,28.16154894,76.67690,46.81228,45.03071,2656.264,292038.24,348155904,1941053440,35121,98,78,0,0,6,3,499,13,0
3360.471,6.238,3354.233,3354.233,28.36155174,76.27690,46.33228,43.83069,2681.231,294829.47,344084480,1936986112,35113,98,78,0,0,6,3,503,13,0
3390.471,6.238,3384.233,3384.233,28.56155407,75.87689,45.85227,42.63068,2704.981,297439.39,348557312,1941426176,35123,98,78,0,0,6,3,508,14,0
3420.472,6.505,3413.967,3413.967,28.75978033,75.48044,45.37653,41.44132,2727.798,299832.77,349138944,1943826432,35113,98,78,0,0,6,3,513,14,0
3450.473,6.505,3443.968,3443.968,28.95978576,75.08043,44.89651,40.24129,2752.766,302722.12,351801344,1946456064,35121,98,78,0,0,6,3,517,14,0
3480.473,7.539,3472.934,3472.935,29.15289937,86.69420,44.43304,39.08260,2775.832,305156.72,350572544,1942691840,35113,98,78,0,0,6,4,521,14,0
3510.474,7.539,3502.935,3502.935,29.35290222,86.29420,43.95303,37.88259,2800.182,307786.89,354086912,1946181632,35121,98,78,0,0,6,4,526,14,0
3540.475,7.539,3532.936,3532.937,29.55291254,85.89417,43.47301,36.68252,2823.782,310441.14,349016064,1940168704,35113,98,78,0,0,6,4,531,14,0
3570.476,7.539,3562.937,3562.938,29.75291697,85.49417,42.99300,35.48250,2848.750,313166.80,357195776,1945964544,35121,98,78,0,0,6,4,535,14,0
3600.482,7.539,3592.944,3592.944,29.95296123,85.09408,42.51289,34.28223,2872.523,315777.50,380715008,1981046784,35113,98,78,0,0,6,4,540,14,0
3630.483,7.539,3622.944,3622.945,30.15296425,84.69407,42.03289,34.45889,2896.157,318357.82,375619584,1975922688,35123,98,78,0,0,6,4,545,15,0
3660.484,7.539,3652.945,3652.946,30.35297034,84.29406,41.55287,35.05891,2921.091,321157.35,340344832,1939955712,35113,98,78,0,0,6,4,549,15,0
3690.484,7.539,3682.946,3682.946,30.55297205,83.89406,41.07287,35.65892,2944.840,323764.08,345239552,1944195072,35136,98,79,0,0,6,4,554,15,1
3720.488,7.789,3712.699,3712.699,30.75132953,83.49734,40.59681,36.25399,2967.694,326152.50,344961024,1947521024,35128,98,79,0,0,6,4,559,15,1
3750.489,7.789,3742.700,3742.700,30.95133236,83.09734,40.11680,36.85400,2992.628,329036.96,350212096,1946808320,35139,98,80,0,0,6,4,563,15,2
3780.489,7.789,3772.700,3772.700,31.15133617,82.69733,39.63679,37.45401,3013.611,331311.84,345014272,1942003712,35128,98,79,0,0,7,4,566,15,2
3810.490,7.789,3802.701,3802.701,31.35133964,82.29732,39.15678,38.05402,3036.095,333646.15,350822400,1947762688,35139,98,80,0,0,7,4,571,15,3
3840.490,7.789,3832.701,3832.701,31.55134308,81.89731,38.67678,38.65403,3060.829,336465.74,351776768,1945812992,35147,98,79,0,0,7,4,574,15,3
3870.495,7.789,3862.706,3862.706,31.75137358,81.49725,38.19670,39.25412,3082.466,338866.24,350740480,1944473600,35145,98,80,0,0,8,4,578,16,4
3900.496,7.789,3892.707,3892.707,31.95138191,81.09724,37.71668,39.85415,3106.917,341499.90,346112000,1945272320,35153,98,80,0,0,8,4,582,16,4
3930.498,7.789,3922.709,3922.709,32.15139299,80.69721,37.23666,40.45418,3130.552,344170.30,344858624,1943543808,35143,98,80,0,0,8,4,587,16,4
3960.499,7.789,3952.710,3952.710,32.35140330,80.29719,36.75663,41.05421,3155.503,346880.38,346095616,1944735744,35151,98,80,0,0,8,4,591,16,4
3990.502,7.789,3982.712,3982.713,32.55141787,79.89716,36.27660,41.65425,3179.289,349491.67,343617536,1942245376,35143,98,80,0,0,8,4,596,16,4
4020.504,8.041,4012.463,4012.464,32.74975940,79.50048,35.80058,42.24928,3202.141,351974.34,346488832,1952735232,35170,98,80,0,0,8,4,601,16,4
4050.505,8.041,4042.464,4042.464,32.94976257,79.10047,35.32057,42.84929,3227.074,354845.09,344780800,1944281088,35143,98,80,0,0,8,4,605,16,4
4080.505,8.041,4072.464,4072.465,33.14976629,78.70047,34.84056,43.22465,3250.824,357380.60,345915392,1945395200,35151,98,80,0,0,8,4,610,16,4
4110.506,8.041,4102.465,4102.466,33.34977176,78.30046,34.36055,43.52466,3274.458,359883.51,343887872,1941946368,35145,98,80,0,0,8,4,615,17,4
4140.507,8.041,4132.466,4132.466,33.54977477,77.90045,33.88054,43.82466,3299.409,362770.40,345272320,1943252992,35153,98,80,0,0,8,4,619,17,4
4170.512,8.041,4162.471,4162.471,33.74980867,77.50038,33.40046,44.12471,3323.195,365299.37,344141824,1941598208,35143,98,80,0,0,8,4,624,17,4
