seconds,x,y,distance_cm,input_x,input_y,inward_intent,inward_velocity_cm_s,radial_progress_cm_s,total_speed_cm_s,hit_component,geometry_blocking_flag,start_penetrating,hit_distance_cm,blocked_seconds,geometry_hit,tree_query,pawn_query,tree_blocks_pawn,pawn_blocks_tree,tree_object_type,pawn_object_type,tree_actor_collision,pawn_actor_collision
61.195545,-247.164378,-955.687625,781.235018,0.000000,0.000000,-0.000000,-0.000000,0.000000,0.000000,None,0,0,0.000000,0.000000,0,1,1,1,1,0,2,1,1
61.344891,-246.659635,-962.153832,774.790220,0.048639,-0.623105,0.621009,64.823964,43.153875,65.240616,None,0,0,0.000000,0.000000,0,1,1,1,1,0,2,1,1
61.492706,-245.477428,-977.298976,759.697956,0.048639,-0.623105,0.620848,111.752606,102.103214,112.500000,None,0,0,0.000000,0.000000,0,1,1,1,1,0,2,1,1
61.623791,-244.332157,-991.970942,745.081053,0.048639,-0.623105,0.620683,111.722891,111.507318,112.500000,None,0,0,0.000000,0.000000,0,1,1,1,1,0,2,1,1
61.754539,-243.185265,-1006.663669,730.447480,0.048639,-0.623105,0.620507,111.691328,111.921112,112.500000,None,0,0,0.000000,0.000000,0,1,1,1,1,0,2,1,1
61.885246,-242.044618,-1021.276394,715.897811,0.048639,-0.623105,0.620322,111.657999,111.316923,112.500000,None,0,0,0.000000,0.000000,0,1,1,1,1,0,2,1,1
62.028175,-240.791568,-1037.329092,699.919555,0.048639,-0.623105,0.620105,111.618963,111.792887,112.500000,None,0,0,0.000000,0.000000,0,1,1,1,1,0,2,1,1
62.162235,-239.617895,-1052.364913,684.958697,0.048639,-0.623105,0.619888,111.579895,111.597063,112.500000,None,0,0,0.000000,0.000000,0,1,1,1,1,0,2,1,1
62.296898,-238.436751,-1067.496439,669.908076,0.048639,-0.623105,0.619655,111.537907,111.765169,112.500000,None,0,0,0.000000,0.000000,0,1,1,1,1,0,2,1,1
62.447712,-237.118470,-1084.384810,653.116940,0.048639,-0.623105,0.619375,111.487574,111.337236,112.500000,None,0,0,0.000000,0.000000,0,1,1,1,1,0,2,1,1
62.592697,-235.847348,-1100.669037,636.933923,0.048639,-0.623105,0.619085,111.435225,111.619719,112.500000,None,0,0,0.000000,0.000000,0,1,1,1,1,0,2,1,1
62.740051,-234.558916,-1117.175024,620.538585,0.048639,-0.623105,0.618766,111.377930,111.264732,112.500000,None,0,0,0.000000,0.000000,0,1,1,1,1,0,2,1,1
62.887360,-233.267220,-1133.722814,604.110534,0.048639,-0.623105,0.618421,111.315744,111.520126,112.500000,None,0,0,0.000000,0.000000,0,1,1,1,1,0,2,1,1
63.019497,-232.112621,-1148.514274,589.434168,0.048639,-0.623105,0.618087,111.255703,111.070400,112.500000,None,0,0,0.000000,0.000000,0,1,1,1,1,0,2,1,1
63.150776,-230.961844,-1163.256777,574.814558,0.048639,-0.623105,0.617729,111.191227,111.362226,112.500000,None,0,0,0.000000,0.000000,0,1,1,1,1,0,2,1,1
63.283379,-229.803048,-1178.102007,560.101976,0.048639,-0.623105,0.617340,111.121135,110.953018,112.500000,None,0,0,0.000000,0.000000,0,1,1,1,1,0,2,1,1
63.416042,-228.639507,-1193.008015,545.338871,0.048639,-0.623105,0.616917,111.044973,111.282253,112.500000,None,0,0,0.000000,0.000000,0,1,1,1,1,0,2,1,1
63.550396,-227.464619,-1208.059403,530.442479,0.048639,-0.623105,0.616453,110.961528,110.875114,112.500000,None,0,0,0.000000,0.000000,0,1,1,1,1,0,2,1,1
63.678829,-226.351347,-1222.491962,516.168275,0.047772,-0.623172,0.616120,110.896846,111.142286,112.500000,None,0,0,0.000000,0.000000,0,1,1,1,1,0,2,1,1
63.816277,-225.196268,-1237.873593,500.965070,0.046270,-0.623285,0.615832,110.841846,110.612206,112.500000,None,0,0,0.000000,0.000000,0,1,1,1,1,0,2,1,1
63.966953,-223.976293,-1254.815828,484.230200,0.044176,-0.623437,0.615558,110.790748,111.063499,112.500000,None,0,0,0.000000,0.000000,0,1,1,1,1,0,2,1,1
64.135361,-222.696455,-1273.691091,465.598658,0.041430,-0.623625,0.615285,110.741120,110.636114,112.500000,None,0,0,0.000000,0.000000,0,1,1,1,1,0,2,1,1
64.293381,-221.584085,-1291.453304,448.077012,0.037954,-0.623847,0.615146,110.711791,110.880288,112.500000,None,0,0,0.000000,0.000000,0,1,1,1,1,0,2,1,1
64.430466,-220.706083,-1306.822096,432.924109,0.034334,-0.624056,0.615107,110.698755,110.534289,112.500000,None,0,0,0.000000,0.000000,0,1,1,1,1,0,2,1,1
64.572449,-219.881290,-1322.803788,417.174193,0.030970,-0.624232,0.614964,110.675021,110.926220,112.500000,None,0,0,0.000000,0.000000,0,1,1,1,1,0,2,1,1
64.712868,-219.158901,-1338.556282,401.657371,0.027292,-0.624404,0.614856,110.653537,110.501830,112.500000,None,0,0,0.000000,0.000000,0,1,1,1,1,0,2,1,1
64.855011,-218.521689,-1354.561817,385.898335,0.023487,-0.624559,0.614721,110.629038,110.866618,112.500000,None,0,0,0.000000,0.000000,0,1,1,1,1,0,2,1,1
64.989388,-218.015169,-1369.644349,371.054237,0.019440,-0.624698,0.614641,110.610374,110.468854,112.500000,None,0,0,0.000000,0.000000,0,1,1,1,1,0,2,1,1
65.148987,-217.531050,-1387.618040,353.372918,0.015447,-0.624809,0.614342,110.562994,110.786528,112.500000,None,0,0,0.000000,0.000000,0,1,1,1,1,0,2,1,1
65.315285,-217.171366,-1406.294309,335.009848,0.010480,-0.624912,0.614110,110.519910,110.421551,112.500000,None,0,0,0.000000,0.000000,0,1,1,1,1,0,2,1,1
65.474449,-216.976687,-1424.225228,317.387344,0.005027,-0.624980,0.613941,110.485334,110.716928,112.500000,None,0,0,0.000000,0.000000,0,1,1,1,1,0,2,1,1
65.613892,-216.940190,-1439.885438,302.001079,-0.000531,-0.625000,0.613879,110.466190,110.340646,112.500000,None,0,0,0.000000,0.000000,0,1,1,1,1,0,2,1,1
65.773979,-217.053300,-1457.936747,284.271592,-0.005679,-0.624974,0.613483,110.402469,110.749912,112.500000,None,0,0,0.000000,0.000000,0,1,1,1,1,0,2,1,1
65.928062,-217.325838,-1475.233850,267.288527,-0.011926,-0.624886,0.613249,110.353890,110.221313,112.500000,None,0,0,0.000000,0.000000,0,1,1,1,1,0,2,1,1
66.079681,-217.766381,-1492.310008,250.526349,-0.018315,-0.624732,0.612947,110.296856,110.555184,112.500000,None,0,0,0.000000,0.000000,0,1,1,1,1,0,2,1,1
66.218391,-218.329320,-1507.867517,235.256704,-0.025051,-0.624498,0.612738,110.250962,110.082604,112.500000,None,0,0,0.000000,0.000000,0,1,1,1,1,0,2,1,1
66.353241,-219.037296,-1523.056232,220.349770,-0.031627,-0.624199,0.612412,110.189120,110.546111,112.500000,None,0,0,0.000000,0.000000,0,1,1,1,1,0,2,1,1
66.487717,-219.903008,-1538.134409,205.551683,-0.038482,-0.623814,0.612009,110.113110,110.044390,112.500000,None,0,0,0.000000,0.000000,0,1,1,1,1,0,2,1,1
66.621925,-220.942117,-1553.220233,190.745822,-0.045767,-0.623322,0.611518,110.020757,110.319186,112.500000,None,0,0,0.000000,0.000000,0,1,1,1,1,0,2,1,1
66.759003,-222.187678,-1568.545997,175.703526,-0.053608,-0.622697,0.610887,109.904101,109.737936,112.500000,None,0,0,0.000000,0.000000,0,1,1,1,1,0,2,1,1
66.898491,-223.672362,-1584.189917,160.347352,-0.062231,-0.621894,0.610082,109.755240,110.086577,112.500000,None,0,0,0.000000,0.000000,0,1,1,1,1,0,2,1,1
67.057610,-225.634009,-1601.952950,142.911967,-0.071845,-0.620857,0.608632,109.499218,109.572981,112.500000,None,0,0,0.000000,0.000000,0,1,1,1,1,0,2,1,1
67.252045,-228.464118,-1623.699174,121.578155,-0.083900,-0.619343,0.605811,109.004524,109.719991,112.500000,None,0,0,0.000000,0.000000,0,1,1,1,1,0,2,1,1
67.404472,-231.074853,-1640.608806,104.990787,-0.100702,-0.616834,0.604249,108.656638,108.822583,112.500000,None,0,0,0.000000,0.000000,0,1,1,1,1,0,2,1,1
67.561066,-234.215483,-1657.976245,87.954331,-0.116555,-0.614036,0.600552,107.986477,108.796503,112.500000,None,0,0,0.000000,0.000000,0,1,1,1,1,0,2,1,1
67.712753,-237.261942,-1673.823349,72.573411,-0.135705,-0.610090,0.595121,69.979332,101.396187,78.119882,/Game/SurvivalGame/Maps/Homestead.Homestead:PersistentLevel.HomesteadWorld_2147482375.StaticMeshComponent_2147482342,0,0,0.113319,0.000000,1,1,1,1,1,0,2,1,1
67.867912,-233.037393,-1676.563093,72.516473,-0.158104,-0.604672,0.588593,-0.315792,0.366970,30.195892,/Game/SurvivalGame/Maps/Homestead.Homestead:PersistentLevel.HomesteadWorld_2147482375.StaticMeshComponent_2147482342,0,0,0.056389,0.155157,1,1,1,1,1,0,2,1,1
68.001648,-230.045206,-1678.682000,72.545272,-0.186793,-0.596434,0.588004,-0.390212,-0.215345,27.018861,/Game/SurvivalGame/Maps/Homestead.Homestead:PersistentLevel.HomesteadWorld_2147482375.StaticMeshComponent_2147482342,0,0,0.085182,0.288892,1,1,1,1,1,0,2,1,1
68.152695,-227.036980,-1681.133898,72.514985,-0.215614,-0.586631,0.586981,-0.208321,0.200515,25.949357,/Game/SurvivalGame/Maps/Homestead.Homestead:PersistentLevel.HomesteadWorld_2147482375.StaticMeshComponent_2147482342,0,0,0.054893,0.439938,1,1,1,1,1,0,2,1,1
68.299423,-224.284248,-1683.550186,72.543069,-0.247998,-0.573691,0.588110,-0.399152,-0.191401,25.137783,/Game/SurvivalGame/Maps/Homestead.Homestead:PersistentLevel.HomesteadWorld_2147482375.StaticMeshComponent_2147482342,0,0,0.082985,0.586666,1,1,1,1,1,0,2,1,1
68.443527,-221.761429,-1685.999119,72.567729,-0.278228,-0.559655,0.589134,-0.363412,-0.171122,24.600286,/Game/SurvivalGame/Maps/Homestead.Homestead:PersistentLevel.HomesteadWorld_2147482375.StaticMeshComponent_2147482342,0,0,0.107636,0.730771,1,1,1,1,1,0,2,1,1
68.586739,-219.422350,-1688.500138,72.590095,-0.306591,-0.544635,0.589999,-0.339024,-0.156180,24.183463,/Game/SurvivalGame/Maps/Homestead.Homestead:PersistentLevel.HomesteadWorld_2147482375.StaticMeshComponent_2147482342,0,0,0.130013,0.873979,1,1,1,1,1,0,2,1,1
